Internal Server Error: /api/my_view/
Traceback (most recent call last):
  File "C:\Python311\Lib\site-packages\django\core\handlers\exception.py", line 55, in inner
    response = get_response(request)
               ^^^^^^^^^^^^^^^^^^^^^
  File "C:\Python311\Lib\site-packages\django\core\handlers\base.py", line 197, in _get_response
    response = wrapped_callback(request, *callback_args, **callback_kwargs)
               ^^^^^^^^^^^^^^^^^^^^^^^^^^^^^^^^^^^^^^^^^^^^^^^^^^^^^^^^^^^^
  File "C:\NIC AI Training\core-api-for-react\api\views.py", line 68, in my_view
    raise ValueError("This is a test error")
ValueError: This is a test error
"GET /api/my_view/ HTTP/1.1" 500 70826
Internal Server Error: /api/my_view
Traceback (most recent call last):
  File "C:\Python311\Lib\site-packages\django\core\handlers\exception.py", line 55, in inner
    response = get_response(request)
               ^^^^^^^^^^^^^^^^^^^^^
  File "C:\NIC AI Training\core-api-for-react\api\middleware.py", line 43, in __call__
    if token.length != 40:
       ^^^^^^^^^^^^
AttributeError: 'str' object has no attribute 'length'
2024-08-23 11:31:34,966 ERROR Internal Server Error: /api/my_view
Traceback (most recent call last):
  File "C:\Python311\Lib\site-packages\django\core\handlers\exception.py", line 55, in inner
    response = get_response(request)
               ^^^^^^^^^^^^^^^^^^^^^
  File "C:\NIC AI Training\core-api-for-react\api\middleware.py", line 43, in __call__
    if token.length != 40:
       ^^^^^^^^^^^^
AttributeError: 'str' object has no attribute 'length'
"GET /api/my_view HTTP/1.1" 500 66693
2024-08-23 11:31:34,968 ERROR "GET /api/my_view HTTP/1.1" 500 66693
Internal Server Error: /api/my_view
Traceback (most recent call last):
  File "C:\Python311\Lib\site-packages\django\core\handlers\exception.py", line 55, in inner
    response = get_response(request)
               ^^^^^^^^^^^^^^^^^^^^^
  File "C:\NIC AI Training\core-api-for-react\api\middleware.py", line 43, in __call__
    if token.length != 40:
       ^^^^^^^^^^^^
AttributeError: 'str' object has no attribute 'length'
2024-08-23 11:32:15,196 ERROR Internal Server Error: /api/my_view
Traceback (most recent call last):
  File "C:\Python311\Lib\site-packages\django\core\handlers\exception.py", line 55, in inner
    response = get_response(request)
               ^^^^^^^^^^^^^^^^^^^^^
  File "C:\NIC AI Training\core-api-for-react\api\middleware.py", line 43, in __call__
    if token.length != 40:
       ^^^^^^^^^^^^
AttributeError: 'str' object has no attribute 'length'
"GET /api/my_view HTTP/1.1" 500 66693
2024-08-23 11:32:15,198 ERROR "GET /api/my_view HTTP/1.1" 500 66693
Internal Server Error: /api/my_view
Traceback (most recent call last):
  File "C:\Python311\Lib\site-packages\django\core\handlers\exception.py", line 55, in inner
    response = get_response(request)
               ^^^^^^^^^^^^^^^^^^^^^
  File "C:\NIC AI Training\core-api-for-react\api\middleware.py", line 44, in __call__
    if token.length != 40:
       ^^^^^^^^^^^^
AttributeError: 'str' object has no attribute 'length'
2024-08-23 11:33:40,307 ERROR Internal Server Error: /api/my_view
Traceback (most recent call last):
  File "C:\Python311\Lib\site-packages\django\core\handlers\exception.py", line 55, in inner
    response = get_response(request)
               ^^^^^^^^^^^^^^^^^^^^^
  File "C:\NIC AI Training\core-api-for-react\api\middleware.py", line 44, in __call__
    if token.length != 40:
       ^^^^^^^^^^^^
AttributeError: 'str' object has no attribute 'length'
"GET /api/my_view HTTP/1.1" 500 66676
2024-08-23 11:33:40,310 ERROR "GET /api/my_view HTTP/1.1" 500 66676
Internal Server Error: /api/my_view
Traceback (most recent call last):
  File "C:\Python311\Lib\site-packages\django\core\handlers\exception.py", line 55, in inner
    response = get_response(request)
               ^^^^^^^^^^^^^^^^^^^^^
  File "C:\NIC AI Training\core-api-for-react\api\middleware.py", line 44, in __call__
    if len(token) != 40:
       ^^^^^
TypeError: len() takes exactly one argument (0 given)
2024-08-23 11:34:18,198 ERROR Internal Server Error: /api/my_view
Traceback (most recent call last):
  File "C:\Python311\Lib\site-packages\django\core\handlers\exception.py", line 55, in inner
    response = get_response(request)
               ^^^^^^^^^^^^^^^^^^^^^
  File "C:\NIC AI Training\core-api-for-react\api\middleware.py", line 44, in __call__
    if len(token) != 40:
       ^^^^^
TypeError: len() takes exactly one argument (0 given)
"GET /api/my_view HTTP/1.1" 500 66564
2024-08-23 11:34:18,204 ERROR "GET /api/my_view HTTP/1.1" 500 66564
2024-08-23 11:35:45,663 ERROR {'time': '2024-08-23 11:35:45', 'path': '/api/my_view/', 'method': 'GET', 'ip_address': '127.0.0.1', 'user_agent': 'PostmanRuntime/7.41.1', 'exception': 'This is a test error', 'traceback': 'Traceback (most recent call last):\n  File "C:\\Python311\\Lib\\site-packages\\django\\core\\handlers\\base.py", line 197, in _get_response\n    response = wrapped_callback(request, *callback_args, **callback_kwargs)\n               ^^^^^^^^^^^^^^^^^^^^^^^^^^^^^^^^^^^^^^^^^^^^^^^^^^^^^^^^^^^^\n  File "C:\\NIC AI Training\\core-api-for-react\\api\\views.py", line 68, in my_view\n    raise ValueError("This is a test error")\nValueError: This is a test error\n'}
Internal Server Error: /api/my_view/
Traceback (most recent call last):
  File "C:\Python311\Lib\site-packages\django\core\handlers\exception.py", line 55, in inner
    response = get_response(request)
               ^^^^^^^^^^^^^^^^^^^^^
  File "C:\Python311\Lib\site-packages\django\core\handlers\base.py", line 197, in _get_response
    response = wrapped_callback(request, *callback_args, **callback_kwargs)
               ^^^^^^^^^^^^^^^^^^^^^^^^^^^^^^^^^^^^^^^^^^^^^^^^^^^^^^^^^^^^
  File "C:\NIC AI Training\core-api-for-react\api\views.py", line 68, in my_view
    raise ValueError("This is a test error")
ValueError: This is a test error
2024-08-23 11:35:45,696 ERROR Internal Server Error: /api/my_view/
Traceback (most recent call last):
  File "C:\Python311\Lib\site-packages\django\core\handlers\exception.py", line 55, in inner
    response = get_response(request)
               ^^^^^^^^^^^^^^^^^^^^^
  File "C:\Python311\Lib\site-packages\django\core\handlers\base.py", line 197, in _get_response
    response = wrapped_callback(request, *callback_args, **callback_kwargs)
               ^^^^^^^^^^^^^^^^^^^^^^^^^^^^^^^^^^^^^^^^^^^^^^^^^^^^^^^^^^^^
  File "C:\NIC AI Training\core-api-for-react\api\views.py", line 68, in my_view
    raise ValueError("This is a test error")
ValueError: This is a test error
"GET /api/my_view/ HTTP/1.1" 500 70709
2024-08-23 11:35:45,700 ERROR "GET /api/my_view/ HTTP/1.1" 500 70709
2024-08-23 11:59:26,589 ERROR {'time': '2024-08-23 11:59:26', 'path': '/admin', 'method': 'GET', 'ip_address': '127.0.0.1', 'user_agent': 'Mozilla/5.0 (Windows NT 10.0; Win64; x64) AppleWebKit/537.36 (KHTML, like Gecko) Chrome/127.0.0.0 Safari/537.36', 'status_code': 404, 'response': '<!DOCTYPE html>\n<html lang="en">\n<head>\n  <meta http-equiv="content-type" content="text/html; charset=utf-8">\n  <title>Page not found at /admin</title>\n  <meta name="robots" content="NONE,NOARCHIVE">\n  <style type="text/css">\n    html * { padding:0; margin:0; }\n    body * { padding:10px 20px; }\n    body * * { padding:0; }\n    body { font:small sans-serif; background:#eee; color:#000; }\n    body>div { border-bottom:1px solid #ddd; }\n    h1 { font-weight:normal; margin-bottom:.4em; }\n    h1 span { font-size:60%; color:#666; font-weight:normal; }\n    table { border:none; border-collapse: collapse; width:100%; }\n    td, th { vertical-align:top; padding:2px 3px; }\n    th { width:12em; text-align:right; color:#666; padding-right:.5em; }\n    #info { background:#f6f6f6; }\n    #info ol { margin: 0.5em 4em; }\n    #info ol li { font-family: monospace; }\n    #summary { background: #ffc; }\n    #explanation { background:#eee; border-bottom: 0px none; }\n    pre.exception_value { font-family: sans-serif; color: #575757; font-size: 1.5em; margin: 10px 0 10px 0; }\n  </style>\n</head>\n<body>\n  <div id="summary">\n    <h1>Page not found <span>(404)</span></h1>\n    \n    <table class="meta">\n      <tr>\n        <th>Request Method:</th>\n        <td>GET</td>\n      </tr>\n      <tr>\n        <th>Request URL:</th>\n        <td>http://127.0.0.1:8000/admin</td>\n      </tr>\n      \n    </table>\n  </div>\n  <div id="info">\n    \n      <p>\n      Using the URLconf defined in <code>reactapi.urls</code>,\n      Django tried these URL patterns, in this order:\n      </p>\n      <ol>\n        \n          <li>\n            \n                admin/\n                \n            \n          </li>\n        \n          <li>\n            \n                api/\n                \n            \n          </li>\n        \n          <li>\n            \n                ^media/(?P&lt;path&gt;.*)$\n                \n            \n          </li>\n        \n      </ol>\n      <p>\n        \n          The current path, <code>admin</code>,\n        \n        didnï¿½t match any of these.\n      </p>\n    \n  </div>\n\n  <div id="explanation">\n    <p>\n      Youï¿½re seeing this error because you have <code>DEBUG = True</code> in\n      your Django settings file. Change that to <code>False</code>, and Django\n      will display a standard 404 page.\n    </p>\n  </div>\n</body>\n</html>\n'}
2024-08-23 12:00:44,680 ERROR {'time': '2024-08-23 12:00:44', 'path': '/api/ocr', 'method': 'GET', 'ip_address': '127.0.0.1', 'user_agent': 'PostmanRuntime/7.41.1', 'status_code': 404, 'response': '<!DOCTYPE html>\n<html lang="en">\n<head>\n  <meta http-equiv="content-type" content="text/html; charset=utf-8">\n  <title>Page not found at /api/ocr</title>\n  <meta name="robots" content="NONE,NOARCHIVE">\n  <style type="text/css">\n    html * { padding:0; margin:0; }\n    body * { padding:10px 20px; }\n    body * * { padding:0; }\n    body { font:small sans-serif; background:#eee; color:#000; }\n    body>div { border-bottom:1px solid #ddd; }\n    h1 { font-weight:normal; margin-bottom:.4em; }\n    h1 span { font-size:60%; color:#666; font-weight:normal; }\n    table { border:none; border-collapse: collapse; width:100%; }\n    td, th { vertical-align:top; padding:2px 3px; }\n    th { width:12em; text-align:right; color:#666; padding-right:.5em; }\n    #info { background:#f6f6f6; }\n    #info ol { margin: 0.5em 4em; }\n    #info ol li { font-family: monospace; }\n    #summary { background: #ffc; }\n    #explanation { background:#eee; border-bottom: 0px none; }\n    pre.exception_value { font-family: sans-serif; color: #575757; font-size: 1.5em; margin: 10px 0 10px 0; }\n  </style>\n</head>\n<body>\n  <div id="summary">\n    <h1>Page not found <span>(404)</span></h1>\n    \n    <table class="meta">\n      <tr>\n        <th>Request Method:</th>\n        <td>GET</td>\n      </tr>\n      <tr>\n        <th>Request URL:</th>\n        <td>http://127.0.0.1:8000/api/ocr</td>\n      </tr>\n      \n    </table>\n  </div>\n  <div id="info">\n    \n      <p>\n      Using the URLconf defined in <code>reactapi.urls</code>,\n      Django tried these URL patterns, in this order:\n      </p>\n      <ol>\n        \n          <li>\n            \n                admin/\n                \n            \n          </li>\n        \n          <li>\n            \n                api/\n                \n            \n                text/\n                [name=\'get_text\']\n            \n          </li>\n        \n          <li>\n            \n                api/\n                \n            \n                ocr/\n                [name=\'ocr\']\n            \n          </li>\n        \n          <li>\n            \n                api/\n                \n            \n                es/\n                [name=\'es\']\n            \n          </li>\n        \n          <li>\n            \n                api/\n                \n            \n                my_view/\n                [name=\'my_view\']\n            \n          </li>\n        \n          <li>\n            \n                ^media/(?P&lt;path&gt;.*)$\n                \n            \n          </li>\n        \n      </ol>\n      <p>\n        \n          The current path, <code>api/ocr</code>,\n        \n        didnï¿½t match any of these.\n      </p>\n    \n  </div>\n\n  <div id="explanation">\n    <p>\n      Youï¿½re seeing this error because you have <code>DEBUG = True</code> in\n      your Django settings file. Change that to <code>False</code>, and Django\n      will display a standard 404 page.\n    </p>\n  </div>\n</body>\n</html>\n'}
2024-08-23 12:00:44,825 ERROR {'time': '2024-08-23 12:00:44', 'path': '/api/ocr/', 'method': 'GET', 'ip_address': '127.0.0.1', 'user_agent': 'PostmanRuntime/7.41.1', 'exception': "'str' object has no attribute 'is_active'", 'traceback': 'Traceback (most recent call last):\n  File "C:\\Python311\\Lib\\site-packages\\rest_framework\\request.py", line 74, in wrap_attributeerrors\n    yield\n  File "C:\\Python311\\Lib\\site-packages\\rest_framework\\request.py", line 227, in user\n    self._authenticate()\n  File "C:\\Python311\\Lib\\site-packages\\rest_framework\\request.py", line 380, in _authenticate\n    user_auth_tuple = authenticator.authenticate(self)\n                      ^^^^^^^^^^^^^^^^^^^^^^^^^^^^^^^^\n  File "C:\\Python311\\Lib\\site-packages\\rest_framework\\authentication.py", line 127, in authenticate\n    if not user or not user.is_active:\n                       ^^^^^^^^^^^^^^\nAttributeError: \'str\' object has no attribute \'is_active\'\n\nDuring handling of the above exception, another exception occurred:\n\nTraceback (most recent call last):\n  File "C:\\Python311\\Lib\\site-packages\\django\\core\\handlers\\base.py", line 197, in _get_response\n    response = wrapped_callback(request, *callback_args, **callback_kwargs)\n               ^^^^^^^^^^^^^^^^^^^^^^^^^^^^^^^^^^^^^^^^^^^^^^^^^^^^^^^^^^^^\n  File "C:\\Python311\\Lib\\site-packages\\django\\views\\decorators\\csrf.py", line 56, in wrapper_view\n    return view_func(*args, **kwargs)\n           ^^^^^^^^^^^^^^^^^^^^^^^^^^\n  File "C:\\Python311\\Lib\\site-packages\\django\\views\\generic\\base.py", line 104, in view\n    return self.dispatch(request, *args, **kwargs)\n           ^^^^^^^^^^^^^^^^^^^^^^^^^^^^^^^^^^^^^^^\n  File "C:\\Python311\\Lib\\site-packages\\rest_framework\\views.py", line 509, in dispatch\n    response = self.handle_exception(exc)\n               ^^^^^^^^^^^^^^^^^^^^^^^^^^\n  File "C:\\Python311\\Lib\\site-packages\\rest_framework\\views.py", line 469, in handle_exception\n    self.raise_uncaught_exception(exc)\n  File "C:\\Python311\\Lib\\site-packages\\rest_framework\\views.py", line 480, in raise_uncaught_exception\n    raise exc\n  File "C:\\Python311\\Lib\\site-packages\\rest_framework\\views.py", line 497, in dispatch\n    self.initial(request, *args, **kwargs)\n  File "C:\\Python311\\Lib\\site-packages\\rest_framework\\views.py", line 414, in initial\n    self.perform_authentication(request)\n  File "C:\\Python311\\Lib\\site-packages\\rest_framework\\views.py", line 324, in perform_authentication\n    request.user\n  File "C:\\Python311\\Lib\\site-packages\\rest_framework\\request.py", line 226, in user\n    with wrap_attributeerrors():\n  File "C:\\Python311\\Lib\\contextlib.py", line 155, in __exit__\n    self.gen.throw(typ, value, traceback)\n  File "C:\\Python311\\Lib\\site-packages\\rest_framework\\request.py", line 78, in wrap_attributeerrors\n    raise exc.with_traceback(info[2])\n  File "C:\\Python311\\Lib\\site-packages\\rest_framework\\request.py", line 74, in wrap_attributeerrors\n    yield\n  File "C:\\Python311\\Lib\\site-packages\\rest_framework\\request.py", line 227, in user\n    self._authenticate()\n  File "C:\\Python311\\Lib\\site-packages\\rest_framework\\request.py", line 380, in _authenticate\n    user_auth_tuple = authenticator.authenticate(self)\n                      ^^^^^^^^^^^^^^^^^^^^^^^^^^^^^^^^\n  File "C:\\Python311\\Lib\\site-packages\\rest_framework\\authentication.py", line 127, in authenticate\n    if not user or not user.is_active:\n                       ^^^^^^^^^^^^^^\nrest_framework.request.WrappedAttributeError: \'str\' object has no attribute \'is_active\'\n'}
Internal Server Error: /api/ocr/
Traceback (most recent call last):
  File "C:\Python311\Lib\site-packages\rest_framework\request.py", line 74, in wrap_attributeerrors
    yield
  File "C:\Python311\Lib\site-packages\rest_framework\request.py", line 227, in user
    self._authenticate()
  File "C:\Python311\Lib\site-packages\rest_framework\request.py", line 380, in _authenticate
    user_auth_tuple = authenticator.authenticate(self)
                      ^^^^^^^^^^^^^^^^^^^^^^^^^^^^^^^^
  File "C:\Python311\Lib\site-packages\rest_framework\authentication.py", line 127, in authenticate
    if not user or not user.is_active:
                       ^^^^^^^^^^^^^^
AttributeError: 'str' object has no attribute 'is_active'

During handling of the above exception, another exception occurred:

Traceback (most recent call last):
  File "C:\Python311\Lib\site-packages\django\core\handlers\exception.py", line 55, in inner
    response = get_response(request)
               ^^^^^^^^^^^^^^^^^^^^^
  File "C:\Python311\Lib\site-packages\django\core\handlers\base.py", line 197, in _get_response
    response = wrapped_callback(request, *callback_args, **callback_kwargs)
               ^^^^^^^^^^^^^^^^^^^^^^^^^^^^^^^^^^^^^^^^^^^^^^^^^^^^^^^^^^^^
  File "C:\Python311\Lib\site-packages\django\views\decorators\csrf.py", line 56, in wrapper_view
    return view_func(*args, **kwargs)
           ^^^^^^^^^^^^^^^^^^^^^^^^^^
  File "C:\Python311\Lib\site-packages\django\views\generic\base.py", line 104, in view
    return self.dispatch(request, *args, **kwargs)
           ^^^^^^^^^^^^^^^^^^^^^^^^^^^^^^^^^^^^^^^
  File "C:\Python311\Lib\site-packages\rest_framework\views.py", line 509, in dispatch
    response = self.handle_exception(exc)
               ^^^^^^^^^^^^^^^^^^^^^^^^^^
  File "C:\Python311\Lib\site-packages\rest_framework\views.py", line 469, in handle_exception
    self.raise_uncaught_exception(exc)
  File "C:\Python311\Lib\site-packages\rest_framework\views.py", line 480, in raise_uncaught_exception
    raise exc
  File "C:\Python311\Lib\site-packages\rest_framework\views.py", line 497, in dispatch
    self.initial(request, *args, **kwargs)
  File "C:\Python311\Lib\site-packages\rest_framework\views.py", line 414, in initial
    self.perform_authentication(request)
  File "C:\Python311\Lib\site-packages\rest_framework\views.py", line 324, in perform_authentication
    request.user
  File "C:\Python311\Lib\site-packages\rest_framework\request.py", line 226, in user
    with wrap_attributeerrors():
  File "C:\Python311\Lib\contextlib.py", line 155, in __exit__
    self.gen.throw(typ, value, traceback)
  File "C:\Python311\Lib\site-packages\rest_framework\request.py", line 78, in wrap_attributeerrors
    raise exc.with_traceback(info[2])
  File "C:\Python311\Lib\site-packages\rest_framework\request.py", line 74, in wrap_attributeerrors
    yield
  File "C:\Python311\Lib\site-packages\rest_framework\request.py", line 227, in user
    self._authenticate()
  File "C:\Python311\Lib\site-packages\rest_framework\request.py", line 380, in _authenticate
    user_auth_tuple = authenticator.authenticate(self)
                      ^^^^^^^^^^^^^^^^^^^^^^^^^^^^^^^^
  File "C:\Python311\Lib\site-packages\rest_framework\authentication.py", line 127, in authenticate
    if not user or not user.is_active:
                       ^^^^^^^^^^^^^^
rest_framework.request.WrappedAttributeError: 'str' object has no attribute 'is_active'
2024-08-23 12:00:44,879 ERROR Internal Server Error: /api/ocr/
Traceback (most recent call last):
  File "C:\Python311\Lib\site-packages\rest_framework\request.py", line 74, in wrap_attributeerrors
    yield
  File "C:\Python311\Lib\site-packages\rest_framework\request.py", line 227, in user
    self._authenticate()
  File "C:\Python311\Lib\site-packages\rest_framework\request.py", line 380, in _authenticate
    user_auth_tuple = authenticator.authenticate(self)
                      ^^^^^^^^^^^^^^^^^^^^^^^^^^^^^^^^
  File "C:\Python311\Lib\site-packages\rest_framework\authentication.py", line 127, in authenticate
    if not user or not user.is_active:
                       ^^^^^^^^^^^^^^
AttributeError: 'str' object has no attribute 'is_active'

During handling of the above exception, another exception occurred:

Traceback (most recent call last):
  File "C:\Python311\Lib\site-packages\django\core\handlers\exception.py", line 55, in inner
    response = get_response(request)
               ^^^^^^^^^^^^^^^^^^^^^
  File "C:\Python311\Lib\site-packages\django\core\handlers\base.py", line 197, in _get_response
    response = wrapped_callback(request, *callback_args, **callback_kwargs)
               ^^^^^^^^^^^^^^^^^^^^^^^^^^^^^^^^^^^^^^^^^^^^^^^^^^^^^^^^^^^^
  File "C:\Python311\Lib\site-packages\django\views\decorators\csrf.py", line 56, in wrapper_view
    return view_func(*args, **kwargs)
           ^^^^^^^^^^^^^^^^^^^^^^^^^^
  File "C:\Python311\Lib\site-packages\django\views\generic\base.py", line 104, in view
    return self.dispatch(request, *args, **kwargs)
           ^^^^^^^^^^^^^^^^^^^^^^^^^^^^^^^^^^^^^^^
  File "C:\Python311\Lib\site-packages\rest_framework\views.py", line 509, in dispatch
    response = self.handle_exception(exc)
               ^^^^^^^^^^^^^^^^^^^^^^^^^^
  File "C:\Python311\Lib\site-packages\rest_framework\views.py", line 469, in handle_exception
    self.raise_uncaught_exception(exc)
  File "C:\Python311\Lib\site-packages\rest_framework\views.py", line 480, in raise_uncaught_exception
    raise exc
  File "C:\Python311\Lib\site-packages\rest_framework\views.py", line 497, in dispatch
    self.initial(request, *args, **kwargs)
  File "C:\Python311\Lib\site-packages\rest_framework\views.py", line 414, in initial
    self.perform_authentication(request)
  File "C:\Python311\Lib\site-packages\rest_framework\views.py", line 324, in perform_authentication
    request.user
  File "C:\Python311\Lib\site-packages\rest_framework\request.py", line 226, in user
    with wrap_attributeerrors():
  File "C:\Python311\Lib\contextlib.py", line 155, in __exit__
    self.gen.throw(typ, value, traceback)
  File "C:\Python311\Lib\site-packages\rest_framework\request.py", line 78, in wrap_attributeerrors
    raise exc.with_traceback(info[2])
  File "C:\Python311\Lib\site-packages\rest_framework\request.py", line 74, in wrap_attributeerrors
    yield
  File "C:\Python311\Lib\site-packages\rest_framework\request.py", line 227, in user
    self._authenticate()
  File "C:\Python311\Lib\site-packages\rest_framework\request.py", line 380, in _authenticate
    user_auth_tuple = authenticator.authenticate(self)
                      ^^^^^^^^^^^^^^^^^^^^^^^^^^^^^^^^
  File "C:\Python311\Lib\site-packages\rest_framework\authentication.py", line 127, in authenticate
    if not user or not user.is_active:
                       ^^^^^^^^^^^^^^

Internal Server Error: /api/ocr
Traceback (most recent call last):
  File "C:\Python311\Lib\site-packages\django\core\handlers\exception.py", line 55, in inner
    response = get_response(request)
               ^^^^^^^^^^^^^^^^^^^^^
  File "C:\Python311\Lib\site-packages\django\utils\deprecation.py", line 136, in __call__
    response = self.process_response(request, response)
               ^^^^^^^^^^^^^^^^^^^^^^^^^^^^^^^^^^^^^^^^
  File "C:\Python311\Lib\site-packages\django\middleware\common.py", line 108, in process_response
    return self.response_redirect_class(self.get_full_path_with_slash(request))
                                        ^^^^^^^^^^^^^^^^^^^^^^^^^^^^^^^^^^^^^^
  File "C:\Python311\Lib\site-packages\django\middleware\common.py", line 87, in get_full_path_with_slash
    raise RuntimeError(
RuntimeError: You called this URL via POST, but the URL doesn't end in a slash and you have APPEND_SLASH set. Django can't redirect to the slash URL while maintaining POST data. Change your form to point to 127.0.0.1:8000/api/ocr/ (note the trailing slash), or set APPEND_SLASH=False in your Django settings.
2024-08-23 12:07:46,483 ERROR Internal Server Error: /api/ocr
Traceback (most recent call last):
  File "C:\Python311\Lib\site-packages\django\core\handlers\exception.py", line 55, in inner
    response = get_response(request)
               ^^^^^^^^^^^^^^^^^^^^^
  File "C:\Python311\Lib\site-packages\django\utils\deprecation.py", line 136, in __call__
    response = self.process_response(request, response)
               ^^^^^^^^^^^^^^^^^^^^^^^^^^^^^^^^^^^^^^^^
  File "C:\Python311\Lib\site-packages\django\middleware\common.py", line 108, in process_response
    return self.response_redirect_class(self.get_full_path_with_slash(request))
                                        ^^^^^^^^^^^^^^^^^^^^^^^^^^^^^^^^^^^^^^
  File "C:\Python311\Lib\site-packages\django\middleware\common.py", line 87, in get_full_path_with_slash
    raise RuntimeError(
RuntimeError: You called this URL via POST, but the URL doesn't end in a slash and you have APPEND_SLASH set. Django can't redirect to the slash URL while maintaining POST data. Change your form to point to 127.0.0.1:8000/api/ocr/ (note the trailing slash), or set APPEND_SLASH=False in your Django settings.
"POST /api/ocr HTTP/1.1" 500 76347
2024-08-23 12:07:46,486 ERROR "POST /api/ocr HTTP/1.1" 500 76347
2024-08-23 14:46:02,844 ERROR {'time': '2024-08-23 14:46:02', 'path': '/api/ocr/', 'method': 'POST', 'ip_address': '127.0.0.1', 'user_agent': 'PostmanRuntime/7.41.1', 'exception': "'pdf'", 'traceback': 'Traceback (most recent call last):\n  File "C:\\Python311\\Lib\\site-packages\\django\\utils\\datastructures.py", line 84, in __getitem__\n    list_ = super().__getitem__(key)\n            ^^^^^^^^^^^^^^^^^^^^^^^^\nKeyError: \'pdf\'\n\nDuring handling of the above exception, another exception occurred:\n\nTraceback (most recent call last):\n  File "C:\\Python311\\Lib\\site-packages\\django\\core\\handlers\\base.py", line 197, in _get_response\n    response = wrapped_callback(request, *callback_args, **callback_kwargs)\n               ^^^^^^^^^^^^^^^^^^^^^^^^^^^^^^^^^^^^^^^^^^^^^^^^^^^^^^^^^^^^\n  File "C:\\Python311\\Lib\\site-packages\\django\\views\\decorators\\csrf.py", line 56, in wrapper_view\n    return view_func(*args, **kwargs)\n           ^^^^^^^^^^^^^^^^^^^^^^^^^^\n  File "C:\\Python311\\Lib\\site-packages\\django\\views\\generic\\base.py", line 104, in view\n    return self.dispatch(request, *args, **kwargs)\n           ^^^^^^^^^^^^^^^^^^^^^^^^^^^^^^^^^^^^^^^\n  File "C:\\Python311\\Lib\\site-packages\\rest_framework\\views.py", line 509, in dispatch\n    response = self.handle_exception(exc)\n               ^^^^^^^^^^^^^^^^^^^^^^^^^^\n  File "C:\\Python311\\Lib\\site-packages\\rest_framework\\views.py", line 469, in handle_exception\n    self.raise_uncaught_exception(exc)\n  File "C:\\Python311\\Lib\\site-packages\\rest_framework\\views.py", line 480, in raise_uncaught_exception\n    raise exc\n  File "C:\\Python311\\Lib\\site-packages\\rest_framework\\views.py", line 506, in dispatch\n    response = handler(request, *args, **kwargs)\n               ^^^^^^^^^^^^^^^^^^^^^^^^^^^^^^^^^\n  File "C:\\NIC AI Training\\core-api-for-react\\api\\views.py", line 50, in post\n    pdf_file = request.FILES[\'pdf\']\n               ~~~~~~~~~~~~~^^^^^^^\n  File "C:\\Python311\\Lib\\site-packages\\django\\utils\\datastructures.py", line 86, in __getitem__\n    raise MultiValueDictKeyError(key)\ndjango.utils.datastructures.MultiValueDictKeyError: \'pdf\'\n'}
Internal Server Error: /api/ocr/
Traceback (most recent call last):
  File "C:\Python311\Lib\site-packages\django\utils\datastructures.py", line 84, in __getitem__
    list_ = super().__getitem__(key)
            ^^^^^^^^^^^^^^^^^^^^^^^^
KeyError: 'pdf'

During handling of the above exception, another exception occurred:

Traceback (most recent call last):
  File "C:\Python311\Lib\site-packages\django\core\handlers\exception.py", line 55, in inner
    response = get_response(request)
               ^^^^^^^^^^^^^^^^^^^^^
  File "C:\Python311\Lib\site-packages\django\core\handlers\base.py", line 197, in _get_response
    response = wrapped_callback(request, *callback_args, **callback_kwargs)
               ^^^^^^^^^^^^^^^^^^^^^^^^^^^^^^^^^^^^^^^^^^^^^^^^^^^^^^^^^^^^
  File "C:\Python311\Lib\site-packages\django\views\decorators\csrf.py", line 56, in wrapper_view
    return view_func(*args, **kwargs)
           ^^^^^^^^^^^^^^^^^^^^^^^^^^
  File "C:\Python311\Lib\site-packages\django\views\generic\base.py", line 104, in view
    return self.dispatch(request, *args, **kwargs)
           ^^^^^^^^^^^^^^^^^^^^^^^^^^^^^^^^^^^^^^^
  File "C:\Python311\Lib\site-packages\rest_framework\views.py", line 509, in dispatch
    response = self.handle_exception(exc)
               ^^^^^^^^^^^^^^^^^^^^^^^^^^
  File "C:\Python311\Lib\site-packages\rest_framework\views.py", line 469, in handle_exception
    self.raise_uncaught_exception(exc)
  File "C:\Python311\Lib\site-packages\rest_framework\views.py", line 480, in raise_uncaught_exception
    raise exc
  File "C:\Python311\Lib\site-packages\rest_framework\views.py", line 506, in dispatch
    response = handler(request, *args, **kwargs)
               ^^^^^^^^^^^^^^^^^^^^^^^^^^^^^^^^^
  File "C:\NIC AI Training\core-api-for-react\api\views.py", line 50, in post
    pdf_file = request.FILES['pdf']
               ~~~~~~~~~~~~~^^^^^^^
  File "C:\Python311\Lib\site-packages\django\utils\datastructures.py", line 86, in __getitem__
    raise MultiValueDictKeyError(key)
django.utils.datastructures.MultiValueDictKeyError: 'pdf'
2024-08-23 14:46:03,315 ERROR Internal Server Error: /api/ocr/
Traceback (most recent call last):
  File "C:\Python311\Lib\site-packages\django\utils\datastructures.py", line 84, in __getitem__
    list_ = super().__getitem__(key)
            ^^^^^^^^^^^^^^^^^^^^^^^^
KeyError: 'pdf'

During handling of the above exception, another exception occurred:

Traceback (most recent call last):
  File "C:\Python311\Lib\site-packages\django\core\handlers\exception.py", line 55, in inner
    response = get_response(request)
               ^^^^^^^^^^^^^^^^^^^^^
  File "C:\Python311\Lib\site-packages\django\core\handlers\base.py", line 197, in _get_response
    response = wrapped_callback(request, *callback_args, **callback_kwargs)
               ^^^^^^^^^^^^^^^^^^^^^^^^^^^^^^^^^^^^^^^^^^^^^^^^^^^^^^^^^^^^
  File "C:\Python311\Lib\site-packages\django\views\decorators\csrf.py", line 56, in wrapper_view
    return view_func(*args, **kwargs)
           ^^^^^^^^^^^^^^^^^^^^^^^^^^
  File "C:\Python311\Lib\site-packages\django\views\generic\base.py", line 104, in view
    return self.dispatch(request, *args, **kwargs)
           ^^^^^^^^^^^^^^^^^^^^^^^^^^^^^^^^^^^^^^^
  File "C:\Python311\Lib\site-packages\rest_framework\views.py", line 509, in dispatch
    response = self.handle_exception(exc)
               ^^^^^^^^^^^^^^^^^^^^^^^^^^
  File "C:\Python311\Lib\site-packages\rest_framework\views.py", line 469, in handle_exception
    self.raise_uncaught_exception(exc)
  File "C:\Python311\Lib\site-packages\rest_framework\views.py", line 480, in raise_uncaught_exception
    raise exc
  File "C:\Python311\Lib\site-packages\rest_framework\views.py", line 506, in dispatch
    response = handler(request, *args, **kwargs)
               ^^^^^^^^^^^^^^^^^^^^^^^^^^^^^^^^^
  File "C:\NIC AI Training\core-api-for-react\api\views.py", line 50, in post
    pdf_file = request.FILES['pdf']
               ~~~~~~~~~~~~~^^^^^^^
  File "C:\Python311\Lib\site-packages\django\utils\datastructures.py", line 86, in __getitem__
    raise MultiValueDictKeyError(key)
django.utils.datastructures.MultiValueDictKeyError: 'pdf'
2024-08-23 14:46:03,329 ERROR {'time': '2024-08-23 14:46:03', 'path': '/api/ocr/', 'method': 'POST', 'ip_address': '127.0.0.1', 'user_agent': 'PostmanRuntime/7.41.1', 'status_code': 500, 'response': '<!DOCTYPE html>\n<html lang="en">\n<head>\n  <meta http-equiv="content-type" content="text/html; charset=utf-8">\n  <meta name="robots" content="NONE,NOARCHIVE">\n  <title>MultiValueDictKeyError\n          at /api/ocr/</title>\n  <style type="text/css">\n    html * { padding:0; margin:0; }\n    body * { padding:10px 20px; }\n    body * * { padding:0; }\n    body { font:small sans-serif; background-color:#fff; color:#000; }\n    body>div { border-bottom:1px solid #ddd; }\n    h1 { font-weight:normal; }\n    h2 { margin-bottom:.8em; }\n    h3 { margin:1em 0 .5em 0; }\n    h4 { margin:0 0 .5em 0; font-weight: normal; }\n    code, pre { font-size: 100%; white-space: pre-wrap; word-break: break-word; }\n    summary { cursor: pointer; }\n    table { border:1px solid #ccc; border-collapse: collapse; width:100%; background:white; }\n    tbody td, tbody th { vertical-align:top; padding:2px 3px; }\n    thead th {\n      padding:1px 6px 1px 3px; background:#fefefe; text-align:left;\n      font-weight:normal; font-size:11px; border:1px solid #ddd;\n    }\n    tbody th { width:12em; text-align:right; color:#666; padding-right:.5em; }\n    table.vars { margin:5px 10px 2px 40px; width: auto; }\n    table.vars td, table.req td { font-family:monospace; }\n    table td.code { width:100%; }\n    table td.code pre { overflow:hidden; }\n    table.source th { color:#666; }\n    table.source td { font-family:monospace; white-space:pre; border-bottom:1px solid #eee; }\n    ul.traceback { list-style-type:none; color: #222; }\n    ul.traceback li.cause { word-break: break-word; }\n    ul.traceback li.frame { padding-bottom:1em; color:#4f4f4f; }\n    ul.traceback li.user { background-color:#e0e0e0; color:#000 }\n    div.context { padding:10px 0; overflow:hidden; }\n    div.context ol { padding-left:30px; margin:0 10px; list-style-position: inside; }\n    div.context ol li { font-family:monospace; white-space:pre; color:#777; cursor:pointer; padding-left: 2px; }\n    div.context ol li pre { display:inline; }\n    div.context ol.context-line li { color:#464646; background-color:#dfdfdf; padding: 3px 2px; }\n    div.context ol.context-line li span { position:absolute; right:32px; }\n    .user div.context ol.context-line li { background-color:#bbb; color:#000; }\n    .user div.context ol li { color:#666; }\n    div.commands, summary.commands { margin-left: 40px; }\n    div.commands a, summary.commands { color:#555; text-decoration:none; }\n    .user div.commands a { color: black; }\n    #summary { background: #ffc; }\n    #summary h2 { font-weight: normal; color: #666; }\n    #explanation { background:#eee; }\n    #template, #template-not-exist { background:#f6f6f6; }\n    #template-not-exist ul { margin: 0 0 10px 20px; }\n    #template-not-exist .postmortem-section { margin-bottom: 3px; }\n    #unicode-hint { background:#eee; }\n    #traceback { background:#eee; }\n    #requestinfo { background:#f6f6f6; padding-left:120px; }\n    #summary table { border:none; background:transparent; }\n    #requestinfo h2, #requestinfo h3 { position:relative; margin-left:-100px; }\n    #requestinfo h3 { margin-bottom:-1em; }\n    .error { background: #ffc; }\n    .specific { color:#cc3300; font-weight:bold; }\n    h2 span.commands { font-size:.7em; font-weight:normal; }\n    span.commands a:link {color:#5E5694;}\n    pre.exception_value { font-family: sans-serif; color: #575757; font-size: 1.5em; margin: 10px 0 10px 0; }\n    .append-bottom { margin-bottom: 10px; }\n    .fname { user-select: all; }\n  </style>\n  \n  <script>\n    function hideAll(elems) {\n      for (var e = 0; e < elems.length; e++) {\n        elems[e].style.display = \'none\';\n      }\n    }\n    window.onload = function() {\n      hideAll(document.querySelectorAll(\'ol.pre-context\'));\n      hideAll(document.querySelectorAll(\'ol.post-context\'));\n      hideAll(document.querySelectorAll(\'div.pastebin\'));\n    }\n    function toggle() {\n      for (var i = 0; i < arguments.length; i++) {\n        var e = document.getElementById(arguments[i]);\n        if (e) {\n          e.style.display = e.style.display == \'none\' ? \'block\': \'none\';\n        }\n      }\n      return false;\n    }\n    function switchPastebinFriendly(link) {\n      s1 = "Switch to copy-and-paste view";\n      s2 = "Switch back to interactive view";\n      link.textContent = link.textContent.trim() == s1 ? s2: s1;\n      toggle(\'browserTraceback\', \'pastebinTraceback\');\n      return false;\n    }\n  </script>\n  \n</head>\n<body>\n<div id="summary">\n  <h1>MultiValueDictKeyError\n       at /api/ocr/</h1>\n  <pre class="exception_value">&#x27;pdf&#x27;</pre>\n  <table class="meta">\n\n    <tr>\n      <th>Request Method:</th>\n      <td>POST</td>\n    </tr>\n    <tr>\n      <th>Request URL:</th>\n      <td>http://127.0.0.1:8000/api/ocr/</td>\n    </tr>\n\n    <tr>\n      <th>Django Version:</th>\n      <td>4.2.6</td>\n    </tr>\n\n    <tr>\n      <th>Exception Type:</th>\n      <td>MultiValueDictKeyError</td>\n    </tr>\n\n\n    <tr>\n      <th>Exception Value:</th>\n      <td><pre>&#x27;pdf&#x27;</pre></td>\n    </tr>\n\n\n    <tr>\n      <th>Exception Location:</th>\n      <td><span class="fname">C:\\Python311\\Lib\\site-packages\\django\\utils\\datastructures.py</span>, line 86, in __getitem__</td>\n    </tr>\n\n\n    <tr>\n      <th>Raised during:</th>\n      <td>api.views.OCR</td>\n    </tr>\n\n    <tr>\n      <th>Python Executable:</th>\n      <td>C:\\Python311\\python.exe</td>\n    </tr>\n    <tr>\n      <th>Python Version:</th>\n      <td>3.11.3</td>\n    </tr>\n    <tr>\n      <th>Python Path:</th>\n      <td><pre>[&#x27;C:\\\\NIC AI Training\\\\core-api-for-react&#x27;,\n &#x27;C:\\\\Python311\\\\python311.zip&#x27;,\n &#x27;C:\\\\Python311\\\\DLLs&#x27;,\n &#x27;C:\\\\Python311\\\\Lib&#x27;,\n &#x27;C:\\\\Python311&#x27;,\n &#x27;C:\\\\Users\\\\Mubashir\\\\AppData\\\\Roaming\\\\Python\\\\Python311\\\\site-packages&#x27;,\n &#x27;C:\\\\Users\\\\Mubashir\\\\AppData\\\\Roaming\\\\Python\\\\Python311\\\\site-packages\\\\win32&#x27;,\n &#x27;C:\\\\Users\\\\Mubashir\\\\AppData\\\\Roaming\\\\Python\\\\Python311\\\\site-packages\\\\win32\\\\lib&#x27;,\n &#x27;C:\\\\Users\\\\Mubashir\\\\AppData\\\\Roaming\\\\Python\\\\Python311\\\\site-packages\\\\Pythonwin&#x27;,\n &#x27;C:\\\\Python311\\\\Lib\\\\site-packages&#x27;]</pre></td>\n    </tr>\n    <tr>\n      <th>Server time:</th>\n      <td>Fri, 23 Aug 2024 09:16:03 +0000</td>\n    </tr>\n  </table>\n</div>\n\n\n\n\n<div id="traceback">\n  <h2>Traceback <span class="commands"><a href="#" onclick="return switchPastebinFriendly(this);">\n    Switch to copy-and-paste view</a></span>\n  </h2>\n  <div id="browserTraceback">\n    <ul class="traceback">\n      \n        \n        <li class="frame django">\n          \n            <code class="fname">C:\\Python311\\Lib\\site-packages\\django\\utils\\datastructures.py</code>, line 84, in __getitem__\n          \n\n          \n            <div class="context" id="c2541572510208">\n              \n                <ol start="77" class="pre-context" id="pre2541572510208">\n                \n                  <li onclick="toggle(\'pre2541572510208\', \'post2541572510208\')"><pre></pre></li>\n                \n                  <li onclick="toggle(\'pre2541572510208\', \'post2541572510208\')"><pre>    def __getitem__(self, key):</pre></li>\n                \n                  <li onclick="toggle(\'pre2541572510208\', \'post2541572510208\')"><pre>        &quot;&quot;&quot;</pre></li>\n                \n                  <li onclick="toggle(\'pre2541572510208\', \'post2541572510208\')"><pre>        Return the last data value for this key, or [] if it&#x27;s an empty list;</pre></li>\n                \n                  <li onclick="toggle(\'pre2541572510208\', \'post2541572510208\')"><pre>        raise KeyError if not found.</pre></li>\n                \n                  <li onclick="toggle(\'pre2541572510208\', \'post2541572510208\')"><pre>        &quot;&quot;&quot;</pre></li>\n                \n                  <li onclick="toggle(\'pre2541572510208\', \'post2541572510208\')"><pre>        try:</pre></li>\n                \n                </ol>\n              \n              <ol start="84" class="context-line">\n                <li onclick="toggle(\'pre2541572510208\', \'post2541572510208\')"><pre>            list_ = super().__getitem__(key)\n                        ^^^^^^^^^^^^^^^^^^^^^^^^</pre> <span>…</span></li>\n              </ol>\n              \n                <ol start=\'85\' class="post-context" id="post2541572510208">\n                  \n                  <li onclick="toggle(\'pre2541572510208\', \'post2541572510208\')"><pre>        except KeyError:</pre></li>\n                  \n                  <li onclick="toggle(\'pre2541572510208\', \'post2541572510208\')"><pre>            raise MultiValueDictKeyError(key)</pre></li>\n                  \n                  <li onclick="toggle(\'pre2541572510208\', \'post2541572510208\')"><pre>        try:</pre></li>\n                  \n                  <li onclick="toggle(\'pre2541572510208\', \'post2541572510208\')"><pre>            return list_[-1]</pre></li>\n                  \n                  <li onclick="toggle(\'pre2541572510208\', \'post2541572510208\')"><pre>        except IndexError:</pre></li>\n                  \n                  <li onclick="toggle(\'pre2541572510208\', \'post2541572510208\')"><pre>            return []</pre></li>\n                  \n              </ol>\n              \n            </div>\n          \n\n          \n            \n              <details>\n                <summary class="commands">Local vars</summary>\n            \n            <table class="vars" id="v2541572510208">\n              <thead>\n                <tr>\n                  <th>Variable</th>\n                  <th>Value</th>\n                </tr>\n              </thead>\n              <tbody>\n                \n                  <tr>\n                    <td>__class__</td>\n                    <td class="code"><pre>&lt;class &#x27;django.utils.datastructures.MultiValueDict&#x27;&gt;</pre></td>\n                  </tr>\n                \n                  <tr>\n                    <td>key</td>\n                    <td class="code"><pre>&#x27;pdf&#x27;</pre></td>\n                  </tr>\n                \n                  <tr>\n                    <td>self</td>\n                    <td class="code"><pre>&lt;MultiValueDict: {}&gt;</pre></td>\n                  </tr>\n                \n              </tbody>\n            </table>\n            </details>\n          \n        </li>\n      \n        \n          <li class="cause"><h3>\n          \n            During handling of the above exception (&#x27;pdf&#x27;), another exception occurred:\n          \n        </h3></li>\n        \n        <li class="frame django">\n          \n            <code class="fname">C:\\Python311\\Lib\\site-packages\\django\\core\\handlers\\exception.py</code>, line 55, in inner\n          \n\n          \n            <div class="context" id="c2541572143680">\n              \n                <ol start="48" class="pre-context" id="pre2541572143680">\n                \n                  <li onclick="toggle(\'pre2541572143680\', \'post2541572143680\')"><pre></pre></li>\n                \n                  <li onclick="toggle(\'pre2541572143680\', \'post2541572143680\')"><pre>        return inner</pre></li>\n                \n                  <li onclick="toggle(\'pre2541572143680\', \'post2541572143680\')"><pre>    else:</pre></li>\n                \n                  <li onclick="toggle(\'pre2541572143680\', \'post2541572143680\')"><pre></pre></li>\n                \n                  <li onclick="toggle(\'pre2541572143680\', \'post2541572143680\')"><pre>        @wraps(get_response)</pre></li>\n                \n                  <li onclick="toggle(\'pre2541572143680\', \'post2541572143680\')"><pre>        def inner(request):</pre></li>\n                \n                  <li onclick="toggle(\'pre2541572143680\', \'post2541572143680\')"><pre>            try:</pre></li>\n                \n                </ol>\n              \n              <ol start="55" class="context-line">\n                <li onclick="toggle(\'pre2541572143680\', \'post2541572143680\')"><pre>                response = get_response(request)\n                               ^^^^^^^^^^^^^^^^^^^^^</pre> <span>…</span></li>\n              </ol>\n              \n                <ol start=\'56\' class="post-context" id="post2541572143680">\n                  \n                  <li onclick="toggle(\'pre2541572143680\', \'post2541572143680\')"><pre>            except Exception as exc:</pre></li>\n                  \n                  <li onclick="toggle(\'pre2541572143680\', \'post2541572143680\')"><pre>                response = response_for_exception(request, exc)</pre></li>\n                  \n                  <li onclick="toggle(\'pre2541572143680\', \'post2541572143680\')"><pre>            return response</pre></li>\n                  \n                  <li onclick="toggle(\'pre2541572143680\', \'post2541572143680\')"><pre></pre></li>\n                  \n                  <li onclick="toggle(\'pre2541572143680\', \'post2541572143680\')"><pre>        return inner</pre></li>\n                  \n                  <li onclick="toggle(\'pre2541572143680\', \'post2541572143680\')"><pre></pre></li>\n                  \n              </ol>\n              \n            </div>\n          \n\n          \n            \n              <details>\n                <summary class="commands">Local vars</summary>\n            \n            <table class="vars" id="v2541572143680">\n              <thead>\n                <tr>\n                  <th>Variable</th>\n                  <th>Value</th>\n                </tr>\n              </thead>\n              <tbody>\n                \n                  <tr>\n                    <td>exc</td>\n                    <td class="code"><pre>MultiValueDictKeyError(&#x27;pdf&#x27;)</pre></td>\n                  </tr>\n                \n                  <tr>\n                    <td>get_response</td>\n                    <td class="code"><pre>&lt;bound method BaseHandler._get_response of &lt;django.core.handlers.wsgi.WSGIHandler object at 0x0000024FC188C810&gt;&gt;</pre></td>\n                  </tr>\n                \n                  <tr>\n                    <td>request</td>\n                    <td class="code"><pre>&lt;WSGIRequest: POST &#x27;/api/ocr/&#x27;&gt;</pre></td>\n                  </tr>\n                \n              </tbody>\n            </table>\n            </details>\n          \n        </li>\n      \n        \n        <li class="frame django">\n          \n            <code class="fname">C:\\Python311\\Lib\\site-packages\\django\\core\\handlers\\base.py</code>, line 197, in _get_response\n          \n\n          \n            <div class="context" id="c2541576018624">\n              \n                <ol start="190" class="pre-context" id="pre2541576018624">\n                \n                  <li onclick="toggle(\'pre2541576018624\', \'post2541576018624\')"><pre></pre></li>\n                \n                  <li onclick="toggle(\'pre2541576018624\', \'post2541576018624\')"><pre>        if response is None:</pre></li>\n                \n                  <li onclick="toggle(\'pre2541576018624\', \'post2541576018624\')"><pre>            wrapped_callback = self.make_view_atomic(callback)</pre></li>\n                \n                  <li onclick="toggle(\'pre2541576018624\', \'post2541576018624\')"><pre>            # If it is an asynchronous view, run it in a subthread.</pre></li>\n                \n                  <li onclick="toggle(\'pre2541576018624\', \'post2541576018624\')"><pre>            if iscoroutinefunction(wrapped_callback):</pre></li>\n                \n                  <li onclick="toggle(\'pre2541576018624\', \'post2541576018624\')"><pre>                wrapped_callback = async_to_sync(wrapped_callback)</pre></li>\n                \n                  <li onclick="toggle(\'pre2541576018624\', \'post2541576018624\')"><pre>            try:</pre></li>\n                \n                </ol>\n              \n              <ol start="197" class="context-line">\n                <li onclick="toggle(\'pre2541576018624\', \'post2541576018624\')"><pre>                response = wrapped_callback(request, *callback_args, **callback_kwargs)\n                                ^^^^^^^^^^^^^^^^^^^^^^^^^^^^^^^^^^^^^^^^^^^^^^^^^^^^^^^^^^^^</pre> <span>…</span></li>\n              </ol>\n              \n                <ol start=\'198\' class="post-context" id="post2541576018624">\n                  \n                  <li onclick="toggle(\'pre2541576018624\', \'post2541576018624\')"><pre>            except Exception as e:</pre></li>\n                  \n                  <li onclick="toggle(\'pre2541576018624\', \'post2541576018624\')"><pre>                response = self.process_exception_by_middleware(e, request)</pre></li>\n                  \n                  <li onclick="toggle(\'pre2541576018624\', \'post2541576018624\')"><pre>                if response is None:</pre></li>\n                  \n                  <li onclick="toggle(\'pre2541576018624\', \'post2541576018624\')"><pre>                    raise</pre></li>\n                  \n                  <li onclick="toggle(\'pre2541576018624\', \'post2541576018624\')"><pre></pre></li>\n                  \n                  <li onclick="toggle(\'pre2541576018624\', \'post2541576018624\')"><pre>        # Complain if the view returned None (a common error).</pre></li>\n                  \n              </ol>\n              \n            </div>\n          \n\n          \n            \n              <details>\n                <summary class="commands">Local vars</summary>\n            \n            <table class="vars" id="v2541576018624">\n              <thead>\n                <tr>\n                  <th>Variable</th>\n                  <th>Value</th>\n                </tr>\n              </thead>\n              <tbody>\n                \n                  <tr>\n                    <td>callback</td>\n                    <td class="code"><pre>&lt;function View.as_view.&lt;locals&gt;.view at 0x0000024FC173CCC0&gt;</pre></td>\n                  </tr>\n                \n                  <tr>\n                    <td>callback_args</td>\n                    <td class="code"><pre>()</pre></td>\n                  </tr>\n                \n                  <tr>\n                    <td>callback_kwargs</td>\n                    <td class="code"><pre>{}</pre></td>\n                  </tr>\n                \n                  <tr>\n                    <td>middleware_method</td>\n                    <td class="code"><pre>&lt;bound method CsrfViewMiddleware.process_view of &lt;CsrfViewMiddleware get_response=convert_exception_to_response.&lt;locals&gt;.inner&gt;&gt;</pre></td>\n                  </tr>\n                \n                  <tr>\n                    <td>request</td>\n                    <td class="code"><pre>&lt;WSGIRequest: POST &#x27;/api/ocr/&#x27;&gt;</pre></td>\n                  </tr>\n                \n                  <tr>\n                    <td>response</td>\n                    <td class="code"><pre>None</pre></td>\n                  </tr>\n                \n                  <tr>\n                    <td>self</td>\n                    <td class="code"><pre>&lt;django.core.handlers.wsgi.WSGIHandler object at 0x0000024FC188C810&gt;</pre></td>\n                  </tr>\n                \n                  <tr>\n                    <td>wrapped_callback</td>\n                    <td class="code"><pre>&lt;function View.as_view.&lt;locals&gt;.view at 0x0000024FC173CCC0&gt;</pre></td>\n                  </tr>\n                \n              </tbody>\n            </table>\n            </details>\n          \n        </li>\n      \n        \n        <li class="frame django">\n          \n            <code class="fname">C:\\Python311\\Lib\\site-packages\\django\\views\\decorators\\csrf.py</code>, line 56, in wrapper_view\n          \n\n          \n            <div class="context" id="c2541576018368">\n              \n                <ol start="49" class="pre-context" id="pre2541576018368">\n                \n                  <li onclick="toggle(\'pre2541576018368\', \'post2541576018368\')"><pre>def csrf_exempt(view_func):</pre></li>\n                \n                  <li onclick="toggle(\'pre2541576018368\', \'post2541576018368\')"><pre>    &quot;&quot;&quot;Mark a view function as being exempt from the CSRF view protection.&quot;&quot;&quot;</pre></li>\n                \n                  <li onclick="toggle(\'pre2541576018368\', \'post2541576018368\')"><pre></pre></li>\n                \n                  <li onclick="toggle(\'pre2541576018368\', \'post2541576018368\')"><pre>    # view_func.csrf_exempt = True would also work, but decorators are nicer</pre></li>\n                \n                  <li onclick="toggle(\'pre2541576018368\', \'post2541576018368\')"><pre>    # if they don&#x27;t have side effects, so return a new function.</pre></li>\n                \n                  <li onclick="toggle(\'pre2541576018368\', \'post2541576018368\')"><pre>    @wraps(view_func)</pre></li>\n                \n                  <li onclick="toggle(\'pre2541576018368\', \'post2541576018368\')"><pre>    def wrapper_view(*args, **kwargs):</pre></li>\n                \n                </ol>\n              \n              <ol start="56" class="context-line">\n                <li onclick="toggle(\'pre2541576018368\', \'post2541576018368\')"><pre>        return view_func(*args, **kwargs)\n                   ^^^^^^^^^^^^^^^^^^^^^^^^^^</pre> <span>…</span></li>\n              </ol>\n              \n                <ol start=\'57\' class="post-context" id="post2541576018368">\n                  \n                  <li onclick="toggle(\'pre2541576018368\', \'post2541576018368\')"><pre></pre></li>\n                  \n                  <li onclick="toggle(\'pre2541576018368\', \'post2541576018368\')"><pre>    wrapper_view.csrf_exempt = True</pre></li>\n                  \n                  <li onclick="toggle(\'pre2541576018368\', \'post2541576018368\')"><pre>    return wrapper_view</pre></li>\n                  \n              </ol>\n              \n            </div>\n          \n\n          \n            \n              <details>\n                <summary class="commands">Local vars</summary>\n            \n            <table class="vars" id="v2541576018368">\n              <thead>\n                <tr>\n                  <th>Variable</th>\n                  <th>Value</th>\n                </tr>\n              </thead>\n              <tbody>\n                \n                  <tr>\n                    <td>args</td>\n                    <td class="code"><pre>(&lt;WSGIRequest: POST &#x27;/api/ocr/&#x27;&gt;,)</pre></td>\n                  </tr>\n                \n                  <tr>\n                    <td>kwargs</td>\n                    <td class="code"><pre>{}</pre></td>\n                  </tr>\n                \n                  <tr>\n                    <td>view_func</td>\n                    <td class="code"><pre>&lt;function View.as_view.&lt;locals&gt;.view at 0x0000024FC173CB80&gt;</pre></td>\n                  </tr>\n                \n              </tbody>\n            </table>\n            </details>\n          \n        </li>\n      \n        \n        <li class="frame django">\n          \n            <code class="fname">C:\\Python311\\Lib\\site-packages\\django\\views\\generic\\base.py</code>, line 104, in view\n          \n\n          \n            <div class="context" id="c2541576013632">\n              \n                <ol start="97" class="pre-context" id="pre2541576013632">\n                \n                  <li onclick="toggle(\'pre2541576013632\', \'post2541576013632\')"><pre>            self = cls(**initkwargs)</pre></li>\n                \n                  <li onclick="toggle(\'pre2541576013632\', \'post2541576013632\')"><pre>            self.setup(request, *args, **kwargs)</pre></li>\n                \n                  <li onclick="toggle(\'pre2541576013632\', \'post2541576013632\')"><pre>            if not hasattr(self, &quot;request&quot;):</pre></li>\n                \n                  <li onclick="toggle(\'pre2541576013632\', \'post2541576013632\')"><pre>                raise AttributeError(</pre></li>\n                \n                  <li onclick="toggle(\'pre2541576013632\', \'post2541576013632\')"><pre>                    &quot;%s instance has no &#x27;request&#x27; attribute. Did you override &quot;</pre></li>\n                \n                  <li onclick="toggle(\'pre2541576013632\', \'post2541576013632\')"><pre>                    &quot;setup() and forget to call super()?&quot; % cls.__name__</pre></li>\n                \n                  <li onclick="toggle(\'pre2541576013632\', \'post2541576013632\')"><pre>                )</pre></li>\n                \n                </ol>\n              \n              <ol start="104" class="context-line">\n                <li onclick="toggle(\'pre2541576013632\', \'post2541576013632\')"><pre>            return self.dispatch(request, *args, **kwargs)\n                        ^^^^^^^^^^^^^^^^^^^^^^^^^^^^^^^^^^^^^^^</pre> <span>…</span></li>\n              </ol>\n              \n                <ol start=\'105\' class="post-context" id="post2541576013632">\n                  \n                  <li onclick="toggle(\'pre2541576013632\', \'post2541576013632\')"><pre></pre></li>\n                  \n                  <li onclick="toggle(\'pre2541576013632\', \'post2541576013632\')"><pre>        view.view_class = cls</pre></li>\n                  \n                  <li onclick="toggle(\'pre2541576013632\', \'post2541576013632\')"><pre>        view.view_initkwargs = initkwargs</pre></li>\n                  \n                  <li onclick="toggle(\'pre2541576013632\', \'post2541576013632\')"><pre></pre></li>\n                  \n                  <li onclick="toggle(\'pre2541576013632\', \'post2541576013632\')"><pre>        # __name__ and __qualname__ are intentionally left unchanged as</pre></li>\n                  \n                  <li onclick="toggle(\'pre2541576013632\', \'post2541576013632\')"><pre>        # view_class should be used to robustly determine the name of the view</pre></li>\n                  \n              </ol>\n              \n            </div>\n          \n\n          \n            \n              <details>\n                <summary class="commands">Local vars</summary>\n            \n            <table class="vars" id="v2541576013632">\n              <thead>\n                <tr>\n                  <th>Variable</th>\n                  <th>Value</th>\n                </tr>\n              </thead>\n              <tbody>\n                \n                  <tr>\n                    <td>args</td>\n                    <td class="code"><pre>()</pre></td>\n                  </tr>\n                \n                  <tr>\n                    <td>cls</td>\n                    <td class="code"><pre>&lt;class &#x27;api.views.OCR&#x27;&gt;</pre></td>\n                  </tr>\n                \n                  <tr>\n                    <td>initkwargs</td>\n                    <td class="code"><pre>{}</pre></td>\n                  </tr>\n                \n                  <tr>\n                    <td>kwargs</td>\n                    <td class="code"><pre>{}</pre></td>\n                  </tr>\n                \n                  <tr>\n                    <td>request</td>\n                    <td class="code"><pre>&lt;WSGIRequest: POST &#x27;/api/ocr/&#x27;&gt;</pre></td>\n                  </tr>\n                \n                  <tr>\n                    <td>self</td>\n                    <td class="code"><pre>&lt;api.views.OCR object at 0x0000024FC1BC5090&gt;</pre></td>\n                  </tr>\n                \n              </tbody>\n            </table>\n            </details>\n          \n        </li>\n      \n        \n        <li class="frame user">\n          \n            <code class="fname">C:\\Python311\\Lib\\site-packages\\rest_framework\\views.py</code>, line 509, in dispatch\n          \n\n          \n            <div class="context" id="c2541576019456">\n              \n                <ol start="502" class="pre-context" id="pre2541576019456">\n                \n                  <li onclick="toggle(\'pre2541576019456\', \'post2541576019456\')"><pre>                                  self.http_method_not_allowed)</pre></li>\n                \n                  <li onclick="toggle(\'pre2541576019456\', \'post2541576019456\')"><pre>            else:</pre></li>\n                \n                  <li onclick="toggle(\'pre2541576019456\', \'post2541576019456\')"><pre>                handler = self.http_method_not_allowed</pre></li>\n                \n                  <li onclick="toggle(\'pre2541576019456\', \'post2541576019456\')"><pre></pre></li>\n                \n                  <li onclick="toggle(\'pre2541576019456\', \'post2541576019456\')"><pre>            response = handler(request, *args, **kwargs)</pre></li>\n                \n                  <li onclick="toggle(\'pre2541576019456\', \'post2541576019456\')"><pre></pre></li>\n                \n                  <li onclick="toggle(\'pre2541576019456\', \'post2541576019456\')"><pre>        except Exception as exc:</pre></li>\n                \n                </ol>\n              \n              <ol start="509" class="context-line">\n                <li onclick="toggle(\'pre2541576019456\', \'post2541576019456\')"><pre>            response = self.handle_exception(exc)\n                            ^^^^^^^^^^^^^^^^^^^^^^^^^^</pre> <span>…</span></li>\n              </ol>\n              \n                <ol start=\'510\' class="post-context" id="post2541576019456">\n                  \n                  <li onclick="toggle(\'pre2541576019456\', \'post2541576019456\')"><pre></pre></li>\n                  \n                  <li onclick="toggle(\'pre2541576019456\', \'post2541576019456\')"><pre>        self.response = self.finalize_response(request, response, *args, **kwargs)</pre></li>\n                  \n                  <li onclick="toggle(\'pre2541576019456\', \'post2541576019456\')"><pre>        return self.response</pre></li>\n                  \n                  <li onclick="toggle(\'pre2541576019456\', \'post2541576019456\')"><pre></pre></li>\n                  \n                  <li onclick="toggle(\'pre2541576019456\', \'post2541576019456\')"><pre>    def options(self, request, *args, **kwargs):</pre></li>\n                  \n                  <li onclick="toggle(\'pre2541576019456\', \'post2541576019456\')"><pre>        &quot;&quot;&quot;</pre></li>\n                  \n              </ol>\n              \n            </div>\n          \n\n          \n            \n              <details>\n                <summary class="commands">Local vars</summary>\n            \n            <table class="vars" id="v2541576019456">\n              <thead>\n                <tr>\n                  <th>Variable</th>\n                  <th>Value</th>\n                </tr>\n              </thead>\n              <tbody>\n                \n                  <tr>\n                    <td>args</td>\n                    <td class="code"><pre>()</pre></td>\n                  </tr>\n                \n                  <tr>\n                    <td>handler</td>\n                    <td class="code"><pre>&lt;bound method OCR.post of &lt;api.views.OCR object at 0x0000024FC1BC5090&gt;&gt;</pre></td>\n                  </tr>\n                \n                  <tr>\n                    <td>kwargs</td>\n                    <td class="code"><pre>{}</pre></td>\n                  </tr>\n                \n                  <tr>\n                    <td>request</td>\n                    <td class="code"><pre>&lt;rest_framework.request.Request: POST &#x27;/api/ocr/&#x27;&gt;</pre></td>\n                  </tr>\n                \n                  <tr>\n                    <td>self</td>\n                    <td class="code"><pre>&lt;api.views.OCR object at 0x0000024FC1BC5090&gt;</pre></td>\n                  </tr>\n                \n              </tbody>\n            </table>\n            </details>\n          \n        </li>\n      \n        \n        <li class="frame user">\n          \n            <code class="fname">C:\\Python311\\Lib\\site-packages\\rest_framework\\views.py</code>, line 469, in handle_exception\n          \n\n          \n            <div class="context" id="c2541576018752">\n              \n                <ol start="462" class="pre-context" id="pre2541576018752">\n                \n                  <li onclick="toggle(\'pre2541576018752\', \'post2541576018752\')"><pre></pre></li>\n                \n                  <li onclick="toggle(\'pre2541576018752\', \'post2541576018752\')"><pre>        exception_handler = self.get_exception_handler()</pre></li>\n                \n                  <li onclick="toggle(\'pre2541576018752\', \'post2541576018752\')"><pre></pre></li>\n                \n                  <li onclick="toggle(\'pre2541576018752\', \'post2541576018752\')"><pre>        context = self.get_exception_handler_context()</pre></li>\n                \n                  <li onclick="toggle(\'pre2541576018752\', \'post2541576018752\')"><pre>        response = exception_handler(exc, context)</pre></li>\n                \n                  <li onclick="toggle(\'pre2541576018752\', \'post2541576018752\')"><pre></pre></li>\n                \n                  <li onclick="toggle(\'pre2541576018752\', \'post2541576018752\')"><pre>        if response is None:</pre></li>\n                \n                </ol>\n              \n              <ol start="469" class="context-line">\n                <li onclick="toggle(\'pre2541576018752\', \'post2541576018752\')"><pre>            self.raise_uncaught_exception(exc)\n                 ^^^^^^^^^^^^^^^^^^^^^^^^^^^^^^^^^^</pre> <span>…</span></li>\n              </ol>\n              \n                <ol start=\'470\' class="post-context" id="post2541576018752">\n                  \n                  <li onclick="toggle(\'pre2541576018752\', \'post2541576018752\')"><pre></pre></li>\n                  \n                  <li onclick="toggle(\'pre2541576018752\', \'post2541576018752\')"><pre>        response.exception = True</pre></li>\n                  \n                  <li onclick="toggle(\'pre2541576018752\', \'post2541576018752\')"><pre>        return response</pre></li>\n                  \n                  <li onclick="toggle(\'pre2541576018752\', \'post2541576018752\')"><pre></pre></li>\n                  \n                  <li onclick="toggle(\'pre2541576018752\', \'post2541576018752\')"><pre>    def raise_uncaught_exception(self, exc):</pre></li>\n                  \n                  <li onclick="toggle(\'pre2541576018752\', \'post2541576018752\')"><pre>        if settings.DEBUG:</pre></li>\n                  \n              </ol>\n              \n            </div>\n          \n\n          \n            \n              <details>\n                <summary class="commands">Local vars</summary>\n            \n            <table class="vars" id="v2541576018752">\n              <thead>\n                <tr>\n                  <th>Variable</th>\n                  <th>Value</th>\n                </tr>\n              </thead>\n              <tbody>\n                \n                  <tr>\n                    <td>context</td>\n                    <td class="code"><pre>{&#x27;args&#x27;: (),\n &#x27;kwargs&#x27;: {},\n &#x27;request&#x27;: &lt;rest_framework.request.Request: POST &#x27;/api/ocr/&#x27;&gt;,\n &#x27;view&#x27;: &lt;api.views.OCR object at 0x0000024FC1BC5090&gt;}</pre></td>\n                  </tr>\n                \n                  <tr>\n                    <td>exc</td>\n                    <td class="code"><pre>MultiValueDictKeyError(&#x27;pdf&#x27;)</pre></td>\n                  </tr>\n                \n                  <tr>\n                    <td>exception_handler</td>\n                    <td class="code"><pre>&lt;function exception_handler at 0x0000024FAF2CED40&gt;</pre></td>\n                  </tr>\n                \n                  <tr>\n                    <td>response</td>\n                    <td class="code"><pre>None</pre></td>\n                  </tr>\n                \n                  <tr>\n                    <td>self</td>\n                    <td class="code"><pre>&lt;api.views.OCR object at 0x0000024FC1BC5090&gt;</pre></td>\n                  </tr>\n                \n              </tbody>\n            </table>\n            </details>\n          \n        </li>\n      \n        \n        <li class="frame user">\n          \n            <code class="fname">C:\\Python311\\Lib\\site-packages\\rest_framework\\views.py</code>, line 480, in raise_uncaught_exception\n          \n\n          \n            <div class="context" id="c2541576018880">\n              \n                <ol start="473" class="pre-context" id="pre2541576018880">\n                \n                  <li onclick="toggle(\'pre2541576018880\', \'post2541576018880\')"><pre></pre></li>\n                \n                  <li onclick="toggle(\'pre2541576018880\', \'post2541576018880\')"><pre>    def raise_uncaught_exception(self, exc):</pre></li>\n                \n                  <li onclick="toggle(\'pre2541576018880\', \'post2541576018880\')"><pre>        if settings.DEBUG:</pre></li>\n                \n                  <li onclick="toggle(\'pre2541576018880\', \'post2541576018880\')"><pre>            request = self.request</pre></li>\n                \n                  <li onclick="toggle(\'pre2541576018880\', \'post2541576018880\')"><pre>            renderer_format = getattr(request.accepted_renderer, &#x27;format&#x27;)</pre></li>\n                \n                  <li onclick="toggle(\'pre2541576018880\', \'post2541576018880\')"><pre>            use_plaintext_traceback = renderer_format not in (&#x27;html&#x27;, &#x27;api&#x27;, &#x27;admin&#x27;)</pre></li>\n                \n                  <li onclick="toggle(\'pre2541576018880\', \'post2541576018880\')"><pre>            request.force_plaintext_errors(use_plaintext_traceback)</pre></li>\n                \n                </ol>\n              \n              <ol start="480" class="context-line">\n                <li onclick="toggle(\'pre2541576018880\', \'post2541576018880\')"><pre>        raise exc\n             ^^^^^^^^^</pre> <span>…</span></li>\n              </ol>\n              \n                <ol start=\'481\' class="post-context" id="post2541576018880">\n                  \n                  <li onclick="toggle(\'pre2541576018880\', \'post2541576018880\')"><pre></pre></li>\n                  \n                  <li onclick="toggle(\'pre2541576018880\', \'post2541576018880\')"><pre>    # Note: Views are made CSRF exempt from within `as_view` as to prevent</pre></li>\n                  \n                  <li onclick="toggle(\'pre2541576018880\', \'post2541576018880\')"><pre>    # accidental removal of this exemption in cases where `dispatch` needs to</pre></li>\n                  \n                  <li onclick="toggle(\'pre2541576018880\', \'post2541576018880\')"><pre>    # be overridden.</pre></li>\n                  \n                  <li onclick="toggle(\'pre2541576018880\', \'post2541576018880\')"><pre>    def dispatch(self, request, *args, **kwargs):</pre></li>\n                  \n                  <li onclick="toggle(\'pre2541576018880\', \'post2541576018880\')"><pre>        &quot;&quot;&quot;</pre></li>\n                  \n              </ol>\n              \n            </div>\n          \n\n          \n            \n              <details>\n                <summary class="commands">Local vars</summary>\n            \n            <table class="vars" id="v2541576018880">\n              <thead>\n                <tr>\n                  <th>Variable</th>\n                  <th>Value</th>\n                </tr>\n              </thead>\n              <tbody>\n                \n                  <tr>\n                    <td>exc</td>\n                    <td class="code"><pre>MultiValueDictKeyError(&#x27;pdf&#x27;)</pre></td>\n                  </tr>\n                \n                  <tr>\n                    <td>renderer_format</td>\n                    <td class="code"><pre>&#x27;json&#x27;</pre></td>\n                  </tr>\n                \n                  <tr>\n                    <td>request</td>\n                    <td class="code"><pre>&lt;rest_framework.request.Request: POST &#x27;/api/ocr/&#x27;&gt;</pre></td>\n                  </tr>\n                \n                  <tr>\n                    <td>self</td>\n                    <td class="code"><pre>&lt;api.views.OCR object at 0x0000024FC1BC5090&gt;</pre></td>\n                  </tr>\n                \n                  <tr>\n                    <td>use_plaintext_traceback</td>\n                    <td class="code"><pre>True</pre></td>\n                  </tr>\n                \n              </tbody>\n            </table>\n            </details>\n          \n        </li>\n      \n        \n        <li class="frame user">\n          \n            <code class="fname">C:\\Python311\\Lib\\site-packages\\rest_framework\\views.py</code>, line 506, in dispatch\n          \n\n          \n            <div class="context" id="c2541571224256">\n              \n                <ol start="499" class="pre-context" id="pre2541571224256">\n                \n                  <li onclick="toggle(\'pre2541571224256\', \'post2541571224256\')"><pre>            # Get the appropriate handler method</pre></li>\n                \n                  <li onclick="toggle(\'pre2541571224256\', \'post2541571224256\')"><pre>            if request.method.lower() in self.http_method_names:</pre></li>\n                \n                  <li onclick="toggle(\'pre2541571224256\', \'post2541571224256\')"><pre>                handler = getattr(self, request.method.lower(),</pre></li>\n                \n                  <li onclick="toggle(\'pre2541571224256\', \'post2541571224256\')"><pre>                                  self.http_method_not_allowed)</pre></li>\n                \n                  <li onclick="toggle(\'pre2541571224256\', \'post2541571224256\')"><pre>            else:</pre></li>\n                \n                  <li onclick="toggle(\'pre2541571224256\', \'post2541571224256\')"><pre>                handler = self.http_method_not_allowed</pre></li>\n                \n                  <li onclick="toggle(\'pre2541571224256\', \'post2541571224256\')"><pre></pre></li>\n                \n                </ol>\n              \n              <ol start="506" class="context-line">\n                <li onclick="toggle(\'pre2541571224256\', \'post2541571224256\')"><pre>            response = handler(request, *args, **kwargs)\n                            ^^^^^^^^^^^^^^^^^^^^^^^^^^^^^^^^^</pre> <span>…</span></li>\n              </ol>\n              \n                <ol start=\'507\' class="post-context" id="post2541571224256">\n                  \n                  <li onclick="toggle(\'pre2541571224256\', \'post2541571224256\')"><pre></pre></li>\n                  \n                  <li onclick="toggle(\'pre2541571224256\', \'post2541571224256\')"><pre>        except Exception as exc:</pre></li>\n                  \n                  <li onclick="toggle(\'pre2541571224256\', \'post2541571224256\')"><pre>            response = self.handle_exception(exc)</pre></li>\n                  \n                  <li onclick="toggle(\'pre2541571224256\', \'post2541571224256\')"><pre></pre></li>\n                  \n                  <li onclick="toggle(\'pre2541571224256\', \'post2541571224256\')"><pre>        self.response = self.finalize_response(request, response, *args, **kwargs)</pre></li>\n                  \n                  <li onclick="toggle(\'pre2541571224256\', \'post2541571224256\')"><pre>        return self.response</pre></li>\n                  \n              </ol>\n              \n            </div>\n          \n\n          \n            \n              <details>\n                <summary class="commands">Local vars</summary>\n            \n            <table class="vars" id="v2541571224256">\n              <thead>\n                <tr>\n                  <th>Variable</th>\n                  <th>Value</th>\n                </tr>\n              </thead>\n              <tbody>\n                \n                  <tr>\n                    <td>args</td>\n                    <td class="code"><pre>()</pre></td>\n                  </tr>\n                \n                  <tr>\n                    <td>handler</td>\n                    <td class="code"><pre>&lt;bound method OCR.post of &lt;api.views.OCR object at 0x0000024FC1BC5090&gt;&gt;</pre></td>\n                  </tr>\n                \n                  <tr>\n                    <td>kwargs</td>\n                    <td class="code"><pre>{}</pre></td>\n                  </tr>\n                \n                  <tr>\n                    <td>request</td>\n                    <td class="code"><pre>&lt;rest_framework.request.Request: POST &#x27;/api/ocr/&#x27;&gt;</pre></td>\n                  </tr>\n                \n                  <tr>\n                    <td>self</td>\n                    <td class="code"><pre>&lt;api.views.OCR object at 0x0000024FC1BC5090&gt;</pre></td>\n                  </tr>\n                \n              </tbody>\n            </table>\n            </details>\n          \n        </li>\n      \n        \n        <li class="frame user">\n          \n            <code class="fname">C:\\NIC AI Training\\core-api-for-react\\api\\views.py</code>, line 50, in post\n          \n\n          \n            <div class="context" id="c2541571435136">\n              \n                <ol start="43" class="pre-context" id="pre2541571435136">\n                \n                  <li onclick="toggle(\'pre2541571435136\', \'post2541571435136\')"><pre>            processed_image_path = process_image(page_image_path, &#x27;media/output_images&#x27;, page_num)</pre></li>\n                \n                  <li onclick="toggle(\'pre2541571435136\', \'post2541571435136\')"><pre>            processed_images.append(processed_image_path)</pre></li>\n                \n                  <li onclick="toggle(\'pre2541571435136\', \'post2541571435136\')"><pre>        return Response({&#x27;processed_images&#x27;: processed_images})</pre></li>\n                \n                  <li onclick="toggle(\'pre2541571435136\', \'post2541571435136\')"><pre>class OCR(APIView):</pre></li>\n                \n                  <li onclick="toggle(\'pre2541571435136\', \'post2541571435136\')"><pre>            parser_classes = (MultiPartParser, FormParser)</pre></li>\n                \n                  <li onclick="toggle(\'pre2541571435136\', \'post2541571435136\')"><pre>    </pre></li>\n                \n                  <li onclick="toggle(\'pre2541571435136\', \'post2541571435136\')"><pre>            def post(self, request, *args, **kwargs):</pre></li>\n                \n                </ol>\n              \n              <ol start="50" class="context-line">\n                <li onclick="toggle(\'pre2541571435136\', \'post2541571435136\')"><pre>                pdf_file = request.FILES[&#x27;pdf&#x27;]\n                               ^^^^^^^^^^^^^^^^^^^^</pre> <span>…</span></li>\n              </ol>\n              \n                <ol start=\'51\' class="post-context" id="post2541571435136">\n                  \n                  <li onclick="toggle(\'pre2541571435136\', \'post2541571435136\')"><pre>                pdf_file_path = f&#x27;media/temp_images/{pdf_file.name}&#x27;</pre></li>\n                  \n                  <li onclick="toggle(\'pre2541571435136\', \'post2541571435136\')"><pre>                pdfPath = pdf_file_path</pre></li>\n                  \n                  <li onclick="toggle(\'pre2541571435136\', \'post2541571435136\')"><pre>                with open(pdf_file_path, &#x27;wb&#x27;) as f:</pre></li>\n                  \n                  <li onclick="toggle(\'pre2541571435136\', \'post2541571435136\')"><pre>                    for chunk in pdf_file.chunks():</pre></li>\n                  \n                  <li onclick="toggle(\'pre2541571435136\', \'post2541571435136\')"><pre>                        f.write(chunk)</pre></li>\n                  \n                  <li onclick="toggle(\'pre2541571435136\', \'post2541571435136\')"><pre>                extracted_text = extract_text_from_pdf(pdf_file_path)</pre></li>\n                  \n              </ol>\n              \n            </div>\n          \n\n          \n            \n              <details>\n                <summary class="commands">Local vars</summary>\n            \n            <table class="vars" id="v2541571435136">\n              <thead>\n                <tr>\n                  <th>Variable</th>\n                  <th>Value</th>\n                </tr>\n              </thead>\n              <tbody>\n                \n                  <tr>\n                    <td>args</td>\n                    <td class="code"><pre>()</pre></td>\n                  </tr>\n                \n                  <tr>\n                    <td>kwargs</td>\n                    <td class="code"><pre>{}</pre></td>\n                  </tr>\n                \n                  <tr>\n                    <td>request</td>\n                    <td class="code"><pre>&lt;rest_framework.request.Request: POST &#x27;/api/ocr/&#x27;&gt;</pre></td>\n                  </tr>\n                \n                  <tr>\n                    <td>self</td>\n                    <td class="code"><pre>&lt;api.views.OCR object at 0x0000024FC1BC5090&gt;</pre></td>\n                  </tr>\n                \n              </tbody>\n            </table>\n            </details>\n          \n        </li>\n      \n        \n        <li class="frame django">\n          \n            <code class="fname">C:\\Python311\\Lib\\site-packages\\django\\utils\\datastructures.py</code>, line 86, in __getitem__\n          \n\n          \n            <div class="context" id="c2541571863552">\n              \n                <ol start="79" class="pre-context" id="pre2541571863552">\n                \n                  <li onclick="toggle(\'pre2541571863552\', \'post2541571863552\')"><pre>        &quot;&quot;&quot;</pre></li>\n                \n                  <li onclick="toggle(\'pre2541571863552\', \'post2541571863552\')"><pre>        Return the last data value for this key, or [] if it&#x27;s an empty list;</pre></li>\n                \n                  <li onclick="toggle(\'pre2541571863552\', \'post2541571863552\')"><pre>        raise KeyError if not found.</pre></li>\n                \n                  <li onclick="toggle(\'pre2541571863552\', \'post2541571863552\')"><pre>        &quot;&quot;&quot;</pre></li>\n                \n                  <li onclick="toggle(\'pre2541571863552\', \'post2541571863552\')"><pre>        try:</pre></li>\n                \n                  <li onclick="toggle(\'pre2541571863552\', \'post2541571863552\')"><pre>            list_ = super().__getitem__(key)</pre></li>\n                \n                  <li onclick="toggle(\'pre2541571863552\', \'post2541571863552\')"><pre>        except KeyError:</pre></li>\n                \n                </ol>\n              \n              <ol start="86" class="context-line">\n                <li onclick="toggle(\'pre2541571863552\', \'post2541571863552\')"><pre>            raise MultiValueDictKeyError(key)\n                ^^^^^^^^^^^^^^^^^^^^^^^^^^^^^^^^^</pre> <span>…</span></li>\n              </ol>\n              \n                <ol start=\'87\' class="post-context" id="post2541571863552">\n                  \n                  <li onclick="toggle(\'pre2541571863552\', \'post2541571863552\')"><pre>        try:</pre></li>\n                  \n                  <li onclick="toggle(\'pre2541571863552\', \'post2541571863552\')"><pre>            return list_[-1]</pre></li>\n                  \n                  <li onclick="toggle(\'pre2541571863552\', \'post2541571863552\')"><pre>        except IndexError:</pre></li>\n                  \n                  <li onclick="toggle(\'pre2541571863552\', \'post2541571863552\')"><pre>            return []</pre></li>\n                  \n                  <li onclick="toggle(\'pre2541571863552\', \'post2541571863552\')"><pre></pre></li>\n                  \n                  <li onclick="toggle(\'pre2541571863552\', \'post2541571863552\')"><pre>    def __setitem__(self, key, value):</pre></li>\n                  \n              </ol>\n              \n            </div>\n          \n\n          \n            \n              <details>\n                <summary class="commands">Local vars</summary>\n            \n            <table class="vars" id="v2541571863552">\n              <thead>\n                <tr>\n                  <th>Variable</th>\n                  <th>Value</th>\n                </tr>\n              </thead>\n              <tbody>\n                \n                  <tr>\n                    <td>__class__</td>\n                    <td class="code"><pre>&lt;class &#x27;django.utils.datastructures.MultiValueDict&#x27;&gt;</pre></td>\n                  </tr>\n                \n                  <tr>\n                    <td>key</td>\n                    <td class="code"><pre>&#x27;pdf&#x27;</pre></td>\n                  </tr>\n                \n                  <tr>\n                    <td>self</td>\n                    <td class="code"><pre>&lt;MultiValueDict: {}&gt;</pre></td>\n                  </tr>\n                \n              </tbody>\n            </table>\n            </details>\n          \n        </li>\n      \n    </ul>\n  </div>\n\n  <form action="https://dpaste.com/" name="pasteform" id="pasteform" method="post">\n  <div id="pastebinTraceback" class="pastebin">\n    <input type="hidden" name="language" value="PythonConsole">\n    <input type="hidden" name="title"\n      value="MultiValueDictKeyError at /api/ocr/">\n    <input type="hidden" name="source" value="Django Dpaste Agent">\n    <input type="hidden" name="poster" value="Django">\n    <textarea name="content" id="traceback_area" cols="140" rows="25">\nEnvironment:\n\n\nRequest Method: POST\nRequest URL: http://127.0.0.1:8000/api/ocr/\n\nDjango Version: 4.2.6\nPython Version: 3.11.3\nInstalled Applications:\n[&#x27;django.contrib.admin&#x27;,\n &#x27;django.contrib.auth&#x27;,\n &#x27;django.contrib.contenttypes&#x27;,\n &#x27;django.contrib.sessions&#x27;,\n &#x27;django.contrib.messages&#x27;,\n &#x27;django.contrib.staticfiles&#x27;,\n &#x27;corsheaders&#x27;,\n &#x27;api&#x27;]\nInstalled Middleware:\n[&#x27;django.middleware.security.SecurityMiddleware&#x27;,\n &#x27;django.contrib.sessions.middleware.SessionMiddleware&#x27;,\n &#x27;django.middleware.common.CommonMiddleware&#x27;,\n &#x27;django.middleware.csrf.CsrfViewMiddleware&#x27;,\n &#x27;django.contrib.auth.middleware.AuthenticationMiddleware&#x27;,\n &#x27;django.contrib.messages.middleware.MessageMiddleware&#x27;,\n &#x27;corsheaders.middleware.CorsMiddleware&#x27;,\n &#x27;django.middleware.clickjacking.XFrameOptionsMiddleware&#x27;,\n &#x27;api.middleware.BearerTokenMiddleware&#x27;,\n &#x27;api.middleware.ErrorLoggingMiddleware&#x27;]\n\n\n\nTraceback (most recent call last):\n  File "C:\\Python311\\Lib\\site-packages\\django\\utils\\datastructures.py", line 84, in __getitem__\n    list_ = super().__getitem__(key)\n            ^^^^^^^^^^^^^^^^^^^^^^^^\n\nDuring handling of the above exception (&#x27;pdf&#x27;), another exception occurred:\n  File "C:\\Python311\\Lib\\site-packages\\django\\core\\handlers\\exception.py", line 55, in inner\n    response = get_response(request)\n               ^^^^^^^^^^^^^^^^^^^^^\n  File "C:\\Python311\\Lib\\site-packages\\django\\core\\handlers\\base.py", line 197, in _get_response\n    response = wrapped_callback(request, *callback_args, **callback_kwargs)\n               ^^^^^^^^^^^^^^^^^^^^^^^^^^^^^^^^^^^^^^^^^^^^^^^^^^^^^^^^^^^^\n  File "C:\\Python311\\Lib\\site-packages\\django\\views\\decorators\\csrf.py", line 56, in wrapper_view\n    return view_func(*args, **kwargs)\n           ^^^^^^^^^^^^^^^^^^^^^^^^^^\n  File "C:\\Python311\\Lib\\site-packages\\django\\views\\generic\\base.py", line 104, in view\n    return self.dispatch(request, *args, **kwargs)\n           ^^^^^^^^^^^^^^^^^^^^^^^^^^^^^^^^^^^^^^^\n  File "C:\\Python311\\Lib\\site-packages\\rest_framework\\views.py", line 509, in dispatch\n    response = self.handle_exception(exc)\n               ^^^^^^^^^^^^^^^^^^^^^^^^^^\n  File "C:\\Python311\\Lib\\site-packages\\rest_framework\\views.py", line 469, in handle_exception\n    self.raise_uncaught_exception(exc)\n    ^^^^^^^^^^^^^^^^^^^^^^^^^^^^^^^^^^\n  File "C:\\Python311\\Lib\\site-packages\\rest_framework\\views.py", line 480, in raise_uncaught_exception\n    raise exc\n    ^^^^^^^^^\n  File "C:\\Python311\\Lib\\site-packages\\rest_framework\\views.py", line 506, in dispatch\n    response = handler(request, *args, **kwargs)\n               ^^^^^^^^^^^^^^^^^^^^^^^^^^^^^^^^^\n  File "C:\\NIC AI Training\\core-api-for-react\\api\\views.py", line 50, in post\n    pdf_file = request.FILES[&#x27;pdf&#x27;]\n               ^^^^^^^^^^^^^^^^^^^^\n  File "C:\\Python311\\Lib\\site-packages\\django\\utils\\datastructures.py", line 86, in __getitem__\n    raise MultiValueDictKeyError(key)\n    ^^^^^^^^^^^^^^^^^^^^^^^^^^^^^^^^^\n\nException Type: MultiValueDictKeyError at /api/ocr/\nException Value: &#x27;pdf&#x27;\n</textarea>\n  <br><br>\n  <input type="submit" value="Share this traceback on a public website">\n  </div>\n</form>\n\n</div>\n\n\n<div id="requestinfo">\n  <h2>Request information</h2>\n\n\n  \n    <h3 id="user-info">USER</h3>\n    <p>AnonymousUser</p>\n  \n\n  <h3 id="get-info">GET</h3>\n  \n    <p>No GET data</p>\n  \n\n  <h3 id="post-info">POST</h3>\n  \n    <table class="req">\n      <thead>\n        <tr>\n          <th>Variable</th>\n          <th>Value</th>\n        </tr>\n      </thead>\n      <tbody>\n        \n          <tr>\n            <td>pdf</td>\n            <td class="code"><pre>&#x27;&#x27;</pre></td>\n          </tr>\n        \n      </tbody>\n    </table>\n  \n\n  <h3 id="files-info">FILES</h3>\n  \n    <p>No FILES data</p>\n  \n\n  <h3 id="cookie-info">COOKIES</h3>\n  \n    <p>No cookie data</p>\n  \n\n  <h3 id="meta-info">META</h3>\n  <table class="req">\n    <thead>\n      <tr>\n        <th>Variable</th>\n        <th>Value</th>\n      </tr>\n    </thead>\n    <tbody>\n      \n        <tr>\n          <td>ACLOCAL_PATH</td>\n          <td class="code"><pre>(&#x27;C:\\\\Program Files\\\\Git\\\\mingw64\\\\share\\\\aclocal;C:\\\\Program &#x27;\n &#x27;Files\\\\Git\\\\usr\\\\share\\\\aclocal&#x27;)</pre></td>\n        </tr>\n      \n        <tr>\n          <td>ALLUSERSPROFILE</td>\n          <td class="code"><pre>&#x27;C:\\\\ProgramData&#x27;</pre></td>\n        </tr>\n      \n        <tr>\n          <td>APPDATA</td>\n          <td class="code"><pre>&#x27;C:\\\\Users\\\\Mubashir\\\\AppData\\\\Roaming&#x27;</pre></td>\n        </tr>\n      \n        <tr>\n          <td>CHOCOLATEYINSTALL</td>\n          <td class="code"><pre>&#x27;C:\\\\ProgramData\\\\chocolatey&#x27;</pre></td>\n        </tr>\n      \n        <tr>\n          <td>CHOCOLATEYLASTPATHUPDATE</td>\n          <td class="code"><pre>&#x27;133253709532440372&#x27;</pre></td>\n        </tr>\n      \n        <tr>\n          <td>CHROME_CRASHPAD_PIPE_NAME</td>\n          <td class="code"><pre>&#x27;\\\\\\\\.\\\\pipe\\\\crashpad_13476_YHWURTFUMWLCXNZO&#x27;</pre></td>\n        </tr>\n      \n        <tr>\n          <td>COLORTERM</td>\n          <td class="code"><pre>&#x27;truecolor&#x27;</pre></td>\n        </tr>\n      \n        <tr>\n          <td>COMMONPROGRAMFILES</td>\n          <td class="code"><pre>&#x27;C:\\\\Program Files\\\\Common Files&#x27;</pre></td>\n        </tr>\n      \n        <tr>\n          <td>COMMONPROGRAMFILES(X86)</td>\n          <td class="code"><pre>&#x27;C:\\\\Program Files (x86)\\\\Common Files&#x27;</pre></td>\n        </tr>\n      \n        <tr>\n          <td>COMMONPROGRAMW6432</td>\n          <td class="code"><pre>&#x27;C:\\\\Program Files\\\\Common Files&#x27;</pre></td>\n        </tr>\n      \n        <tr>\n          <td>COMPUTERNAME</td>\n          <td class="code"><pre>&#x27;ACER-SWIFT-3&#x27;</pre></td>\n        </tr>\n      \n        <tr>\n          <td>COMSPEC</td>\n          <td class="code"><pre>&#x27;C:\\\\WINDOWS\\\\system32\\\\cmd.exe&#x27;</pre></td>\n        </tr>\n      \n        <tr>\n          <td>CONFIG_SITE</td>\n          <td class="code"><pre>&#x27;C:/Program Files/Git/etc/config.site&#x27;</pre></td>\n        </tr>\n      \n        <tr>\n          <td>CONTENT_LENGTH</td>\n          <td class="code"><pre>&#x27;171&#x27;</pre></td>\n        </tr>\n      \n        <tr>\n          <td>CONTENT_TYPE</td>\n          <td class="code"><pre>(&#x27;multipart/form-data; &#x27;\n &#x27;boundary=--------------------------823985856828059131209095&#x27;)</pre></td>\n        </tr>\n      \n        <tr>\n          <td>DISPLAY</td>\n          <td class="code"><pre>&#x27;needs-to-be-defined&#x27;</pre></td>\n        </tr>\n      \n        <tr>\n          <td>DJANGO_SETTINGS_MODULE</td>\n          <td class="code"><pre>&#x27;reactapi.settings&#x27;</pre></td>\n        </tr>\n      \n        <tr>\n          <td>DRIVERDATA</td>\n          <td class="code"><pre>&#x27;C:\\\\Windows\\\\System32\\\\Drivers\\\\DriverData&#x27;</pre></td>\n        </tr>\n      \n        <tr>\n          <td>EFC_4140</td>\n          <td class="code"><pre>&#x27;1&#x27;</pre></td>\n        </tr>\n      \n        <tr>\n          <td>ENGINE</td>\n          <td class="code"><pre>&#x27;django.db.backends.postgresql&#x27;</pre></td>\n        </tr>\n      \n        <tr>\n          <td>EXEPATH</td>\n          <td class="code"><pre>&#x27;C:\\\\Program Files\\\\Git\\\\bin&#x27;</pre></td>\n        </tr>\n      \n        <tr>\n          <td>FPS_BROWSER_APP_PROFILE_STRING</td>\n          <td class="code"><pre>&#x27;Internet Explorer&#x27;</pre></td>\n        </tr>\n      \n        <tr>\n          <td>FPS_BROWSER_USER_PROFILE_STRING</td>\n          <td class="code"><pre>&#x27;Default&#x27;</pre></td>\n        </tr>\n      \n        <tr>\n          <td>GATEWAY_INTERFACE</td>\n          <td class="code"><pre>&#x27;CGI/1.1&#x27;</pre></td>\n        </tr>\n      \n        <tr>\n          <td>GIT_ASKPASS</td>\n          <td class="code"><pre>&#x27;********************&#x27;</pre></td>\n        </tr>\n      \n        <tr>\n          <td>GOPATH</td>\n          <td class="code"><pre>&#x27;C:\\\\Users\\\\Mubashir\\\\go&#x27;</pre></td>\n        </tr>\n      \n        <tr>\n          <td>HOME</td>\n          <td class="code"><pre>&#x27;C:\\\\Users\\\\Mubashir&#x27;</pre></td>\n        </tr>\n      \n        <tr>\n          <td>HOMEDRIVE</td>\n          <td class="code"><pre>&#x27;C:&#x27;</pre></td>\n        </tr>\n      \n        <tr>\n          <td>HOMEPATH</td>\n          <td class="code"><pre>&#x27;\\\\Users\\\\Mubashir&#x27;</pre></td>\n        </tr>\n      \n        <tr>\n          <td>HOST</td>\n          <td class="code"><pre>&#x27;localhost&#x27;</pre></td>\n        </tr>\n      \n        <tr>\n          <td>HOSTNAME</td>\n          <td class="code"><pre>&#x27;ACER-Swift-3&#x27;</pre></td>\n        </tr>\n      \n        <tr>\n          <td>HTTP_ACCEPT</td>\n          <td class="code"><pre>&#x27;*/*&#x27;</pre></td>\n        </tr>\n      \n        <tr>\n          <td>HTTP_ACCEPT_ENCODING</td>\n          <td class="code"><pre>&#x27;gzip, deflate, br&#x27;</pre></td>\n        </tr>\n      \n        <tr>\n          <td>HTTP_AUTHORIZATION</td>\n          <td class="code"><pre>&#x27;Bearer xIMpHEXpABleTypuRuSicKwIlAiliABlencRuirL&#x27;</pre></td>\n        </tr>\n      \n        <tr>\n          <td>HTTP_CONNECTION</td>\n          <td class="code"><pre>&#x27;keep-alive&#x27;</pre></td>\n        </tr>\n      \n        <tr>\n          <td>HTTP_HOST</td>\n          <td class="code"><pre>&#x27;127.0.0.1:8000&#x27;</pre></td>\n        </tr>\n      \n        <tr>\n          <td>HTTP_POSTMAN_TOKEN</td>\n          <td class="code"><pre>&#x27;********************&#x27;</pre></td>\n        </tr>\n      \n        <tr>\n          <td>HTTP_USER_AGENT</td>\n          <td class="code"><pre>&#x27;PostmanRuntime/7.41.1&#x27;</pre></td>\n        </tr>\n      \n        <tr>\n          <td>INFOPATH</td>\n          <td class="code"><pre>(&#x27;C:\\\\Program Files\\\\Git\\\\mingw64\\\\local\\\\info;C:\\\\Program &#x27;\n &#x27;Files\\\\Git\\\\mingw64\\\\share\\\\info;C:\\\\Program &#x27;\n &#x27;Files\\\\Git\\\\usr\\\\local\\\\info;C:\\\\Program &#x27;\n &#x27;Files\\\\Git\\\\usr\\\\share\\\\info;C:\\\\Program Files\\\\Git\\\\usr\\\\info;C:\\\\Program &#x27;\n &#x27;Files\\\\Git\\\\share\\\\info&#x27;)</pre></td>\n        </tr>\n      \n        <tr>\n          <td>LANG</td>\n          <td class="code"><pre>&#x27;en_US.UTF-8&#x27;</pre></td>\n        </tr>\n      \n        <tr>\n          <td>LOCALAPPDATA</td>\n          <td class="code"><pre>&#x27;C:\\\\Users\\\\Mubashir\\\\AppData\\\\Local&#x27;</pre></td>\n        </tr>\n      \n        <tr>\n          <td>LOGONSERVER</td>\n          <td class="code"><pre>&#x27;\\\\\\\\ACER-SWIFT-3&#x27;</pre></td>\n        </tr>\n      \n        <tr>\n          <td>MANPATH</td>\n          <td class="code"><pre>(&#x27;C:\\\\Program Files\\\\Git\\\\mingw64\\\\local\\\\man;C:\\\\Program &#x27;\n &#x27;Files\\\\Git\\\\mingw64\\\\share\\\\man;C:\\\\Program &#x27;\n &#x27;Files\\\\Git\\\\usr\\\\local\\\\man;C:\\\\Program &#x27;\n &#x27;Files\\\\Git\\\\usr\\\\share\\\\man;C:\\\\Program Files\\\\Git\\\\usr\\\\man;C:\\\\Program &#x27;\n &#x27;Files\\\\Git\\\\share\\\\man&#x27;)</pre></td>\n        </tr>\n      \n        <tr>\n          <td>MINGW_CHOST</td>\n          <td class="code"><pre>&#x27;x86_64-w64-mingw32&#x27;</pre></td>\n        </tr>\n      \n        <tr>\n          <td>MINGW_PACKAGE_PREFIX</td>\n          <td class="code"><pre>&#x27;mingw-w64-x86_64&#x27;</pre></td>\n        </tr>\n      \n        <tr>\n          <td>MINGW_PREFIX</td>\n          <td class="code"><pre>&#x27;C:/Program Files/Git/mingw64&#x27;</pre></td>\n        </tr>\n      \n        <tr>\n          <td>MSYSTEM</td>\n          <td class="code"><pre>&#x27;MINGW64&#x27;</pre></td>\n        </tr>\n      \n        <tr>\n          <td>MSYSTEM_CARCH</td>\n          <td class="code"><pre>&#x27;x86_64&#x27;</pre></td>\n        </tr>\n      \n        <tr>\n          <td>MSYSTEM_CHOST</td>\n          <td class="code"><pre>&#x27;x86_64-w64-mingw32&#x27;</pre></td>\n        </tr>\n      \n        <tr>\n          <td>MSYSTEM_PREFIX</td>\n          <td class="code"><pre>&#x27;C:/Program Files/Git/mingw64&#x27;</pre></td>\n        </tr>\n      \n        <tr>\n          <td>NAME</td>\n          <td class="code"><pre>&#x27;react-api&#x27;</pre></td>\n        </tr>\n      \n        <tr>\n          <td>NUMBER_OF_PROCESSORS</td>\n          <td class="code"><pre>&#x27;8&#x27;</pre></td>\n        </tr>\n      \n        <tr>\n          <td>ONEDRIVE</td>\n          <td class="code"><pre>&#x27;C:\\\\Users\\\\Mubashir\\\\OneDrive&#x27;</pre></td>\n        </tr>\n      \n        <tr>\n          <td>ORIGINAL_PATH</td>\n          <td class="code"><pre>(&#x27;C:\\\\Program Files\\\\Git\\\\mingw64\\\\bin;C:\\\\Program &#x27;\n &#x27;Files\\\\Git\\\\usr\\\\bin;C:\\\\Users\\\\Mubashir\\\\bin;C:\\\\Users\\\\Mubashir\\\\AppData\\\\Roaming\\\\Python\\\\Python311\\\\Scripts;C:\\\\Program &#x27;\n &#x27;Files\\\\Go\\\\bin;C:\\\\Program &#x27;\n &#x27;Files\\\\Docker\\\\Docker\\\\resources\\\\bin;C:\\\\Python311\\\\Scripts;C:\\\\Users\\\\Mubashir\\\\AppData\\\\Local\\\\Programs\\\\Microsoft &#x27;\n &#x27;VS Code\\\\bin;C:\\\\Program Files\\\\Azure Data &#x27;\n &#x27;Studio\\\\bin;C:\\\\Users\\\\Mubashir\\\\.dotnet\\\\tools;C:\\\\Users\\\\Mubashir\\\\AppData\\\\Roaming\\\\npm;C:\\\\Python311;C:\\\\Program &#x27;\n &#x27;Files\\\\nodejs;C:\\\\Users\\\\Mubashir\\\\Downloads\\\\poppler-23.08.0\\\\Library\\\\bin;C:\\\\Program &#x27;\n &#x27;Files\\\\Go;C:\\\\Program &#x27;\n &#x27;Files\\\\Neovim\\\\bin;C:\\\\Users\\\\Mubashir\\\\AppData\\\\Local\\\\Programs\\\\mongosh;C:\\\\MinGW\\\\bin&#x27;)</pre></td>\n        </tr>\n      \n        <tr>\n          <td>ORIGINAL_TEMP</td>\n          <td class="code"><pre>&#x27;C:/Users/Mubashir/AppData/Local/Temp&#x27;</pre></td>\n        </tr>\n      \n        <tr>\n          <td>ORIGINAL_TMP</td>\n          <td class="code"><pre>&#x27;C:/Users/Mubashir/AppData/Local/Temp&#x27;</pre></td>\n        </tr>\n      \n        <tr>\n          <td>ORIGINAL_XDG_CURRENT_DESKTOP</td>\n          <td class="code"><pre>&#x27;undefined&#x27;</pre></td>\n        </tr>\n      \n        <tr>\n          <td>OS</td>\n          <td class="code"><pre>&#x27;Windows_NT&#x27;</pre></td>\n        </tr>\n      \n        <tr>\n          <td>PASSWORD</td>\n          <td class="code"><pre>&#x27;********************&#x27;</pre></td>\n        </tr>\n      \n        <tr>\n          <td>PATH</td>\n          <td class="code"><pre>(&#x27;C:\\\\Users\\\\Mubashir\\\\bin;C:\\\\Program Files\\\\Git\\\\mingw64\\\\bin;C:\\\\Program &#x27;\n &#x27;Files\\\\Git\\\\usr\\\\local\\\\bin;C:\\\\Program Files\\\\Git\\\\usr\\\\bin;C:\\\\Program &#x27;\n &#x27;Files\\\\Git\\\\usr\\\\bin;C:\\\\Program Files\\\\Git\\\\mingw64\\\\bin;C:\\\\Program &#x27;\n &#x27;Files\\\\Git\\\\usr\\\\bin;C:\\\\Users\\\\Mubashir\\\\bin;C:\\\\Users\\\\Mubashir\\\\AppData\\\\Roaming\\\\Python\\\\Python311\\\\Scripts;C:\\\\Program &#x27;\n &#x27;Files\\\\Go\\\\bin;C:\\\\Program &#x27;\n &#x27;Files\\\\Docker\\\\Docker\\\\resources\\\\bin;C:\\\\Python311\\\\Scripts;C:\\\\Users\\\\Mubashir\\\\AppData\\\\Local\\\\Programs\\\\Microsoft &#x27;\n &#x27;VS Code\\\\bin;C:\\\\Program Files\\\\Azure Data &#x27;\n &#x27;Studio\\\\bin;C:\\\\Users\\\\Mubashir\\\\.dotnet\\\\tools;C:\\\\Users\\\\Mubashir\\\\AppData\\\\Roaming\\\\npm;C:\\\\Python311;C:\\\\Program &#x27;\n &#x27;Files\\\\nodejs;C:\\\\Users\\\\Mubashir\\\\Downloads\\\\poppler-23.08.0\\\\Library\\\\bin;C:\\\\Program &#x27;\n &#x27;Files\\\\Go;C:\\\\Program &#x27;\n &#x27;Files\\\\Neovim\\\\bin;C:\\\\Users\\\\Mubashir\\\\AppData\\\\Local\\\\Programs\\\\mongosh;C:\\\\MinGW\\\\bin;C:\\\\Program &#x27;\n &#x27;Files\\\\Git\\\\usr\\\\bin\\\\vendor_perl;C:\\\\Program &#x27;\n &#x27;Files\\\\Git\\\\usr\\\\bin\\\\core_perl&#x27;)</pre></td>\n        </tr>\n      \n        <tr>\n          <td>PATHEXT</td>\n          <td class="code"><pre>&#x27;.COM;.EXE;.BAT;.CMD;.VBS;.VBE;.JS;.JSE;.WSF;.WSH;.MSC&#x27;</pre></td>\n        </tr>\n      \n        <tr>\n          <td>PATH_INFO</td>\n          <td class="code"><pre>&#x27;/api/ocr/&#x27;</pre></td>\n        </tr>\n      \n        <tr>\n          <td>PKG_CONFIG_PATH</td>\n          <td class="code"><pre>(&#x27;C:\\\\Program Files\\\\Git\\\\mingw64\\\\lib\\\\pkgconfig;C:\\\\Program &#x27;\n &#x27;Files\\\\Git\\\\mingw64\\\\share\\\\pkgconfig&#x27;)</pre></td>\n        </tr>\n      \n        <tr>\n          <td>PKG_CONFIG_SYSTEM_INCLUDE_PATH</td>\n          <td class="code"><pre>&#x27;C:/Program Files/Git/mingw64/include&#x27;</pre></td>\n        </tr>\n      \n        <tr>\n          <td>PKG_CONFIG_SYSTEM_LIBRARY_PATH</td>\n          <td class="code"><pre>&#x27;C:/Program Files/Git/mingw64/lib&#x27;</pre></td>\n        </tr>\n      \n        <tr>\n          <td>PLINK_PROTOCOL</td>\n          <td class="code"><pre>&#x27;ssh&#x27;</pre></td>\n        </tr>\n      \n        <tr>\n          <td>PORT</td>\n          <td class="code"><pre>&#x27;5432&#x27;</pre></td>\n        </tr>\n      \n        <tr>\n          <td>PROCESSOR_ARCHITECTURE</td>\n          <td class="code"><pre>&#x27;AMD64&#x27;</pre></td>\n        </tr>\n      \n        <tr>\n          <td>PROCESSOR_IDENTIFIER</td>\n          <td class="code"><pre>&#x27;Intel64 Family 6 Model 140 Stepping 1, GenuineIntel&#x27;</pre></td>\n        </tr>\n      \n        <tr>\n          <td>PROCESSOR_LEVEL</td>\n          <td class="code"><pre>&#x27;6&#x27;</pre></td>\n        </tr>\n      \n        <tr>\n          <td>PROCESSOR_REVISION</td>\n          <td class="code"><pre>&#x27;8c01&#x27;</pre></td>\n        </tr>\n      \n        <tr>\n          <td>PROGRAMDATA</td>\n          <td class="code"><pre>&#x27;C:\\\\ProgramData&#x27;</pre></td>\n        </tr>\n      \n        <tr>\n          <td>PROGRAMFILES</td>\n          <td class="code"><pre>&#x27;C:\\\\Program Files&#x27;</pre></td>\n        </tr>\n      \n        <tr>\n          <td>PROGRAMFILES(X86)</td>\n          <td class="code"><pre>&#x27;C:\\\\Program Files (x86)&#x27;</pre></td>\n        </tr>\n      \n        <tr>\n          <td>PROGRAMW6432</td>\n          <td class="code"><pre>&#x27;C:\\\\Program Files&#x27;</pre></td>\n        </tr>\n      \n        <tr>\n          <td>PS1</td>\n          <td class="code"><pre>(&#x27;\\\\[\\x1b]633;A\\x07\\\\]\\\\[\\\\033]0;$TITLEPREFIX:$PWD\\\\007\\\\]\\\\n\\\\[\\\\033[32m\\\\]\\\\u@\\\\h &#x27;\n &#x27;\\\\[\\\\033[35m\\\\]$MSYSTEM &#x27;\n &#x27;\\\\[\\\\033[33m\\\\]\\\\w\\\\[\\\\033[36m\\\\]`__git_ps1`\\\\[\\\\033[0m\\\\]\\\\n$ &#x27;\n &#x27;\\\\[\\x1b]633;B\\x07\\\\]&#x27;)</pre></td>\n        </tr>\n      \n        <tr>\n          <td>PSMODULEPATH</td>\n          <td class="code"><pre>(&#x27;C:\\\\Program &#x27;\n &#x27;Files\\\\WindowsPowerShell\\\\Modules;C:\\\\WINDOWS\\\\system32\\\\WindowsPowerShell\\\\v1.0\\\\Modules;C:\\\\Program &#x27;\n &#x27;Files (x86)\\\\Microsoft SQL Server\\\\160\\\\Tools\\\\PowerShell\\\\Modules\\\\&#x27;)</pre></td>\n        </tr>\n      \n        <tr>\n          <td>PUBLIC</td>\n          <td class="code"><pre>&#x27;C:\\\\Users\\\\Public&#x27;</pre></td>\n        </tr>\n      \n        <tr>\n          <td>PWD</td>\n          <td class="code"><pre>&#x27;C:/NIC AI Training/core-api-for-react&#x27;</pre></td>\n        </tr>\n      \n        <tr>\n          <td>QUERY_STRING</td>\n          <td class="code"><pre>&#x27;&#x27;</pre></td>\n        </tr>\n      \n        <tr>\n          <td>REMOTE_ADDR</td>\n          <td class="code"><pre>&#x27;127.0.0.1&#x27;</pre></td>\n        </tr>\n      \n        <tr>\n          <td>REMOTE_HOST</td>\n          <td class="code"><pre>&#x27;&#x27;</pre></td>\n        </tr>\n      \n        <tr>\n          <td>REQUEST_METHOD</td>\n          <td class="code"><pre>&#x27;POST&#x27;</pre></td>\n        </tr>\n      \n        <tr>\n          <td>RUN_MAIN</td>\n          <td class="code"><pre>&#x27;true&#x27;</pre></td>\n        </tr>\n      \n        <tr>\n          <td>SCRIPT_NAME</td>\n          <td class="code"><pre>&#x27;&#x27;</pre></td>\n        </tr>\n      \n        <tr>\n          <td>SERVER_NAME</td>\n          <td class="code"><pre>&#x27;kubernetes.docker.internal&#x27;</pre></td>\n        </tr>\n      \n        <tr>\n          <td>SERVER_PORT</td>\n          <td class="code"><pre>&#x27;8000&#x27;</pre></td>\n        </tr>\n      \n        <tr>\n          <td>SERVER_PROTOCOL</td>\n          <td class="code"><pre>&#x27;HTTP/1.1&#x27;</pre></td>\n        </tr>\n      \n        <tr>\n          <td>SERVER_SOFTWARE</td>\n          <td class="code"><pre>&#x27;WSGIServer/0.2&#x27;</pre></td>\n        </tr>\n      \n        <tr>\n          <td>SESSIONNAME</td>\n          <td class="code"><pre>&#x27;Console&#x27;</pre></td>\n        </tr>\n      \n        <tr>\n          <td>SHELL</td>\n          <td class="code"><pre>&#x27;C:\\\\Program Files\\\\Git\\\\usr\\\\bin\\\\bash.exe&#x27;</pre></td>\n        </tr>\n      \n        <tr>\n          <td>SHLVL</td>\n          <td class="code"><pre>&#x27;1&#x27;</pre></td>\n        </tr>\n      \n        <tr>\n          <td>SSH_ASKPASS</td>\n          <td class="code"><pre>&#x27;********************&#x27;</pre></td>\n        </tr>\n      \n        <tr>\n          <td>SYSTEMDRIVE</td>\n          <td class="code"><pre>&#x27;C:&#x27;</pre></td>\n        </tr>\n      \n        <tr>\n          <td>SYSTEMROOT</td>\n          <td class="code"><pre>&#x27;C:\\\\WINDOWS&#x27;</pre></td>\n        </tr>\n      \n        <tr>\n          <td>TEMP</td>\n          <td class="code"><pre>&#x27;C:\\\\Users\\\\Mubashir\\\\AppData\\\\Local\\\\Temp&#x27;</pre></td>\n        </tr>\n      \n        <tr>\n          <td>TERM</td>\n          <td class="code"><pre>&#x27;xterm-256color&#x27;</pre></td>\n        </tr>\n      \n        <tr>\n          <td>TERM_PROGRAM</td>\n          <td class="code"><pre>&#x27;vscode&#x27;</pre></td>\n        </tr>\n      \n        <tr>\n          <td>TERM_PROGRAM_VERSION</td>\n          <td class="code"><pre>&#x27;1.92.2&#x27;</pre></td>\n        </tr>\n      \n        <tr>\n          <td>TMP</td>\n          <td class="code"><pre>&#x27;C:\\\\Users\\\\Mubashir\\\\AppData\\\\Local\\\\Temp&#x27;</pre></td>\n        </tr>\n      \n        <tr>\n          <td>TMPDIR</td>\n          <td class="code"><pre>&#x27;C:\\\\Users\\\\Mubashir\\\\AppData\\\\Local\\\\Temp&#x27;</pre></td>\n        </tr>\n      \n        <tr>\n          <td>USER</td>\n          <td class="code"><pre>&#x27;postgres&#x27;</pre></td>\n        </tr>\n      \n        <tr>\n          <td>USERDOMAIN</td>\n          <td class="code"><pre>&#x27;ACER-SWIFT-3&#x27;</pre></td>\n        </tr>\n      \n        <tr>\n          <td>USERDOMAIN_ROAMINGPROFILE</td>\n          <td class="code"><pre>&#x27;ACER-SWIFT-3&#x27;</pre></td>\n        </tr>\n      \n        <tr>\n          <td>USERNAME</td>\n          <td class="code"><pre>&#x27;Mubashir&#x27;</pre></td>\n        </tr>\n      \n        <tr>\n          <td>USERPROFILE</td>\n          <td class="code"><pre>&#x27;C:\\\\Users\\\\Mubashir&#x27;</pre></td>\n        </tr>\n      \n        <tr>\n          <td>VSCODE_GIT_ASKPASS_EXTRA_ARGS</td>\n          <td class="code"><pre>&#x27;********************&#x27;</pre></td>\n        </tr>\n      \n        <tr>\n          <td>VSCODE_GIT_ASKPASS_MAIN</td>\n          <td class="code"><pre>&#x27;********************&#x27;</pre></td>\n        </tr>\n      \n        <tr>\n          <td>VSCODE_GIT_ASKPASS_NODE</td>\n          <td class="code"><pre>&#x27;********************&#x27;</pre></td>\n        </tr>\n      \n        <tr>\n          <td>VSCODE_GIT_IPC_HANDLE</td>\n          <td class="code"><pre>&#x27;\\\\\\\\.\\\\pipe\\\\vscode-git-fdfd1ed5ce-sock&#x27;</pre></td>\n        </tr>\n      \n        <tr>\n          <td>WINDIR</td>\n          <td class="code"><pre>&#x27;C:\\\\WINDOWS&#x27;</pre></td>\n        </tr>\n      \n        <tr>\n          <td>ZES_ENABLE_SYSMAN</td>\n          <td class="code"><pre>&#x27;1&#x27;</pre></td>\n        </tr>\n      \n        <tr>\n          <td>_</td>\n          <td class="code"><pre>&#x27;C:/Python311/python&#x27;</pre></td>\n        </tr>\n      \n        <tr>\n          <td>__PSLOCKDOWNPOLICY</td>\n          <td class="code"><pre>&#x27;0&#x27;</pre></td>\n        </tr>\n      \n        <tr>\n          <td>wsgi.errors</td>\n          <td class="code"><pre>&lt;_io.TextIOWrapper name=&#x27;&lt;stderr&gt;&#x27; mode=&#x27;w&#x27; encoding=&#x27;utf-8&#x27;&gt;</pre></td>\n        </tr>\n      \n        <tr>\n          <td>wsgi.file_wrapper</td>\n          <td class="code"><pre>&lt;class &#x27;wsgiref.util.FileWrapper&#x27;&gt;</pre></td>\n        </tr>\n      \n        <tr>\n          <td>wsgi.input</td>\n          <td class="code"><pre>&lt;django.core.handlers.wsgi.LimitedStream object at 0x0000024FC1B76CE0&gt;</pre></td>\n        </tr>\n      \n        <tr>\n          <td>wsgi.multiprocess</td>\n          <td class="code"><pre>False</pre></td>\n        </tr>\n      \n        <tr>\n          <td>wsgi.multithread</td>\n          <td class="code"><pre>True</pre></td>\n        </tr>\n      \n        <tr>\n          <td>wsgi.run_once</td>\n          <td class="code"><pre>False</pre></td>\n        </tr>\n      \n        <tr>\n          <td>wsgi.url_scheme</td>\n          <td class="code"><pre>&#x27;http&#x27;</pre></td>\n        </tr>\n      \n        <tr>\n          <td>wsgi.version</td>\n          <td class="code"><pre>(1, 0)</pre></td>\n        </tr>\n      \n    </tbody>\n  </table>\n\n\n  <h3 id="settings-info">Settings</h3>\n  <h4>Using settings module <code>reactapi.settings</code></h4>\n  <table class="req">\n    <thead>\n      <tr>\n        <th>Setting</th>\n        <th>Value</th>\n      </tr>\n    </thead>\n    <tbody>\n      \n        <tr>\n          <td>ABSOLUTE_URL_OVERRIDES</td>\n          <td class="code"><pre>{}</pre></td>\n        </tr>\n      \n        <tr>\n          <td>ADMINS</td>\n          <td class="code"><pre>[]</pre></td>\n        </tr>\n      \n        <tr>\n          <td>ALLOWED_HOSTS</td>\n          <td class="code"><pre>[]</pre></td>\n        </tr>\n      \n        <tr>\n          <td>APPEND_SLASH</td>\n          <td class="code"><pre>True</pre></td>\n        </tr>\n      \n        <tr>\n          <td>AUTHENTICATION_BACKENDS</td>\n          <td class="code"><pre>[&#x27;django.contrib.auth.backends.ModelBackend&#x27;]</pre></td>\n        </tr>\n      \n        <tr>\n          <td>AUTH_PASSWORD_VALIDATORS</td>\n          <td class="code"><pre>&#x27;********************&#x27;</pre></td>\n        </tr>\n      \n        <tr>\n          <td>AUTH_USER_MODEL</td>\n          <td class="code"><pre>&#x27;auth.User&#x27;</pre></td>\n        </tr>\n      \n        <tr>\n          <td>BASE_DIR</td>\n          <td class="code"><pre>WindowsPath(&#x27;C:/NIC AI Training/core-api-for-react&#x27;)</pre></td>\n        </tr>\n      \n        <tr>\n          <td>CACHES</td>\n          <td class="code"><pre>{&#x27;default&#x27;: {&#x27;BACKEND&#x27;: &#x27;django.core.cache.backends.locmem.LocMemCache&#x27;}}</pre></td>\n        </tr>\n      \n        <tr>\n          <td>CACHE_MIDDLEWARE_ALIAS</td>\n          <td class="code"><pre>&#x27;default&#x27;</pre></td>\n        </tr>\n      \n        <tr>\n          <td>CACHE_MIDDLEWARE_KEY_PREFIX</td>\n          <td class="code"><pre>&#x27;********************&#x27;</pre></td>\n        </tr>\n      \n        <tr>\n          <td>CACHE_MIDDLEWARE_SECONDS</td>\n          <td class="code"><pre>600</pre></td>\n        </tr>\n      \n        <tr>\n          <td>CORS_ALLOW_CREDENTIALS</td>\n          <td class="code"><pre>True</pre></td>\n        </tr>\n      \n        <tr>\n          <td>CORS_ORIGIN_ALLOW_ALL</td>\n          <td class="code"><pre>True</pre></td>\n        </tr>\n      \n        <tr>\n          <td>CSRF_COOKIE_AGE</td>\n          <td class="code"><pre>31449600</pre></td>\n        </tr>\n      \n        <tr>\n          <td>CSRF_COOKIE_DOMAIN</td>\n          <td class="code"><pre>None</pre></td>\n        </tr>\n      \n        <tr>\n          <td>CSRF_COOKIE_HTTPONLY</td>\n          <td class="code"><pre>False</pre></td>\n        </tr>\n      \n        <tr>\n          <td>CSRF_COOKIE_MASKED</td>\n          <td class="code"><pre>False</pre></td>\n        </tr>\n      \n        <tr>\n          <td>CSRF_COOKIE_NAME</td>\n          <td class="code"><pre>&#x27;csrftoken&#x27;</pre></td>\n        </tr>\n      \n        <tr>\n          <td>CSRF_COOKIE_PATH</td>\n          <td class="code"><pre>&#x27;/&#x27;</pre></td>\n        </tr>\n      \n        <tr>\n          <td>CSRF_COOKIE_SAMESITE</td>\n          <td class="code"><pre>&#x27;Lax&#x27;</pre></td>\n        </tr>\n      \n        <tr>\n          <td>CSRF_COOKIE_SECURE</td>\n          <td class="code"><pre>False</pre></td>\n        </tr>\n      \n        <tr>\n          <td>CSRF_FAILURE_VIEW</td>\n          <td class="code"><pre>&#x27;django.views.csrf.csrf_failure&#x27;</pre></td>\n        </tr>\n      \n        <tr>\n          <td>CSRF_HEADER_NAME</td>\n          <td class="code"><pre>&#x27;HTTP_X_CSRFTOKEN&#x27;</pre></td>\n        </tr>\n      \n        <tr>\n          <td>CSRF_TRUSTED_ORIGINS</td>\n          <td class="code"><pre>[]</pre></td>\n        </tr>\n      \n        <tr>\n          <td>CSRF_USE_SESSIONS</td>\n          <td class="code"><pre>False</pre></td>\n        </tr>\n      \n        <tr>\n          <td>DATABASES</td>\n          <td class="code"><pre>{&#x27;default&#x27;: {&#x27;ATOMIC_REQUESTS&#x27;: False,\n             &#x27;AUTOCOMMIT&#x27;: True,\n             &#x27;CONN_HEALTH_CHECKS&#x27;: False,\n             &#x27;CONN_MAX_AGE&#x27;: 0,\n             &#x27;ENGINE&#x27;: &#x27;django.db.backends.postgresql&#x27;,\n             &#x27;HOST&#x27;: &#x27;localhost&#x27;,\n             &#x27;NAME&#x27;: &#x27;react-api&#x27;,\n             &#x27;OPTIONS&#x27;: {},\n             &#x27;PASSWORD&#x27;: &#x27;********************&#x27;,\n             &#x27;PORT&#x27;: &#x27;5432&#x27;,\n             &#x27;TEST&#x27;: {&#x27;CHARSET&#x27;: None,\n                      &#x27;COLLATION&#x27;: None,\n                      &#x27;MIGRATE&#x27;: True,\n                      &#x27;MIRROR&#x27;: None,\n                      &#x27;NAME&#x27;: None},\n             &#x27;TIME_ZONE&#x27;: None,\n             &#x27;USER&#x27;: &#x27;postgres&#x27;}}</pre></td>\n        </tr>\n      \n        <tr>\n          <td>DATABASE_ROUTERS</td>\n          <td class="code"><pre>[]</pre></td>\n        </tr>\n      \n        <tr>\n          <td>DATA_UPLOAD_MAX_MEMORY_SIZE</td>\n          <td class="code"><pre>2621440</pre></td>\n        </tr>\n      \n        <tr>\n          <td>DATA_UPLOAD_MAX_NUMBER_FIELDS</td>\n          <td class="code"><pre>1000</pre></td>\n        </tr>\n      \n        <tr>\n          <td>DATA_UPLOAD_MAX_NUMBER_FILES</td>\n          <td class="code"><pre>100</pre></td>\n        </tr>\n      \n        <tr>\n          <td>DATETIME_FORMAT</td>\n          <td class="code"><pre>&#x27;N j, Y, P&#x27;</pre></td>\n        </tr>\n      \n        <tr>\n          <td>DATETIME_INPUT_FORMATS</td>\n          <td class="code"><pre>[&#x27;%Y-%m-%d %H:%M:%S&#x27;,\n &#x27;%Y-%m-%d %H:%M:%S.%f&#x27;,\n &#x27;%Y-%m-%d %H:%M&#x27;,\n &#x27;%m/%d/%Y %H:%M:%S&#x27;,\n &#x27;%m/%d/%Y %H:%M:%S.%f&#x27;,\n &#x27;%m/%d/%Y %H:%M&#x27;,\n &#x27;%m/%d/%y %H:%M:%S&#x27;,\n &#x27;%m/%d/%y %H:%M:%S.%f&#x27;,\n &#x27;%m/%d/%y %H:%M&#x27;]</pre></td>\n        </tr>\n      \n        <tr>\n          <td>DATE_FORMAT</td>\n          <td class="code"><pre>&#x27;N j, Y&#x27;</pre></td>\n        </tr>\n      \n        <tr>\n          <td>DATE_INPUT_FORMATS</td>\n          <td class="code"><pre>[&#x27;%Y-%m-%d&#x27;,\n &#x27;%m/%d/%Y&#x27;,\n &#x27;%m/%d/%y&#x27;,\n &#x27;%b %d %Y&#x27;,\n &#x27;%b %d, %Y&#x27;,\n &#x27;%d %b %Y&#x27;,\n &#x27;%d %b, %Y&#x27;,\n &#x27;%B %d %Y&#x27;,\n &#x27;%B %d, %Y&#x27;,\n &#x27;%d %B %Y&#x27;,\n &#x27;%d %B, %Y&#x27;]</pre></td>\n        </tr>\n      \n        <tr>\n          <td>DEBUG</td>\n          <td class="code"><pre>True</pre></td>\n        </tr>\n      \n        <tr>\n          <td>DEBUG_PROPAGATE_EXCEPTIONS</td>\n          <td class="code"><pre>False</pre></td>\n        </tr>\n      \n        <tr>\n          <td>DECIMAL_SEPARATOR</td>\n          <td class="code"><pre>&#x27;.&#x27;</pre></td>\n        </tr>\n      \n        <tr>\n          <td>DEFAULT_AUTO_FIELD</td>\n          <td class="code"><pre>&#x27;django.db.models.BigAutoField&#x27;</pre></td>\n        </tr>\n      \n        <tr>\n          <td>DEFAULT_CHARSET</td>\n          <td class="code"><pre>&#x27;utf-8&#x27;</pre></td>\n        </tr>\n      \n        <tr>\n          <td>DEFAULT_EXCEPTION_REPORTER</td>\n          <td class="code"><pre>&#x27;django.views.debug.ExceptionReporter&#x27;</pre></td>\n        </tr>\n      \n        <tr>\n          <td>DEFAULT_EXCEPTION_REPORTER_FILTER</td>\n          <td class="code"><pre>&#x27;django.views.debug.SafeExceptionReporterFilter&#x27;</pre></td>\n        </tr>\n      \n        <tr>\n          <td>DEFAULT_FILE_STORAGE</td>\n          <td class="code"><pre>&#x27;django.core.files.storage.FileSystemStorage&#x27;</pre></td>\n        </tr>\n      \n        <tr>\n          <td>DEFAULT_FROM_EMAIL</td>\n          <td class="code"><pre>&#x27;webmaster@localhost&#x27;</pre></td>\n        </tr>\n      \n        <tr>\n          <td>DEFAULT_INDEX_TABLESPACE</td>\n          <td class="code"><pre>&#x27;&#x27;</pre></td>\n        </tr>\n      \n        <tr>\n          <td>DEFAULT_TABLESPACE</td>\n          <td class="code"><pre>&#x27;&#x27;</pre></td>\n        </tr>\n      \n        <tr>\n          <td>DISALLOWED_USER_AGENTS</td>\n          <td class="code"><pre>[]</pre></td>\n        </tr>\n      \n        <tr>\n          <td>EMAIL_BACKEND</td>\n          <td class="code"><pre>&#x27;django.core.mail.backends.smtp.EmailBackend&#x27;</pre></td>\n        </tr>\n      \n        <tr>\n          <td>EMAIL_HOST</td>\n          <td class="code"><pre>&#x27;localhost&#x27;</pre></td>\n        </tr>\n      \n        <tr>\n          <td>EMAIL_HOST_PASSWORD</td>\n          <td class="code"><pre>&#x27;********************&#x27;</pre></td>\n        </tr>\n      \n        <tr>\n          <td>EMAIL_HOST_USER</td>\n          <td class="code"><pre>&#x27;&#x27;</pre></td>\n        </tr>\n      \n        <tr>\n          <td>EMAIL_PORT</td>\n          <td class="code"><pre>25</pre></td>\n        </tr>\n      \n        <tr>\n          <td>EMAIL_SSL_CERTFILE</td>\n          <td class="code"><pre>None</pre></td>\n        </tr>\n      \n        <tr>\n          <td>EMAIL_SSL_KEYFILE</td>\n          <td class="code"><pre>&#x27;********************&#x27;</pre></td>\n        </tr>\n      \n        <tr>\n          <td>EMAIL_SUBJECT_PREFIX</td>\n          <td class="code"><pre>&#x27;[Django] &#x27;</pre></td>\n        </tr>\n      \n        <tr>\n          <td>EMAIL_TIMEOUT</td>\n          <td class="code"><pre>None</pre></td>\n        </tr>\n      \n        <tr>\n          <td>EMAIL_USE_LOCALTIME</td>\n          <td class="code"><pre>False</pre></td>\n        </tr>\n      \n        <tr>\n          <td>EMAIL_USE_SSL</td>\n          <td class="code"><pre>False</pre></td>\n        </tr>\n      \n        <tr>\n          <td>EMAIL_USE_TLS</td>\n          <td class="code"><pre>False</pre></td>\n        </tr>\n      \n        <tr>\n          <td>FILE_UPLOAD_DIRECTORY_PERMISSIONS</td>\n          <td class="code"><pre>None</pre></td>\n        </tr>\n      \n        <tr>\n          <td>FILE_UPLOAD_HANDLERS</td>\n          <td class="code"><pre>[&#x27;django.core.files.uploadhandler.MemoryFileUploadHandler&#x27;,\n &#x27;django.core.files.uploadhandler.TemporaryFileUploadHandler&#x27;]</pre></td>\n        </tr>\n      \n        <tr>\n          <td>FILE_UPLOAD_MAX_MEMORY_SIZE</td>\n          <td class="code"><pre>2621440</pre></td>\n        </tr>\n      \n        <tr>\n          <td>FILE_UPLOAD_PERMISSIONS</td>\n          <td class="code"><pre>420</pre></td>\n        </tr>\n      \n        <tr>\n          <td>FILE_UPLOAD_TEMP_DIR</td>\n          <td class="code"><pre>None</pre></td>\n        </tr>\n      \n        <tr>\n          <td>FIRST_DAY_OF_WEEK</td>\n          <td class="code"><pre>0</pre></td>\n        </tr>\n      \n        <tr>\n          <td>FIXTURE_DIRS</td>\n          <td class="code"><pre>[]</pre></td>\n        </tr>\n      \n        <tr>\n          <td>FORCE_SCRIPT_NAME</td>\n          <td class="code"><pre>None</pre></td>\n        </tr>\n      \n        <tr>\n          <td>FORMAT_MODULE_PATH</td>\n          <td class="code"><pre>None</pre></td>\n        </tr>\n      \n        <tr>\n          <td>FORM_RENDERER</td>\n          <td class="code"><pre>&#x27;django.forms.renderers.DjangoTemplates&#x27;</pre></td>\n        </tr>\n      \n        <tr>\n          <td>IGNORABLE_404_URLS</td>\n          <td class="code"><pre>[]</pre></td>\n        </tr>\n      \n        <tr>\n          <td>INSTALLED_APPS</td>\n          <td class="code"><pre>[&#x27;django.contrib.admin&#x27;,\n &#x27;django.contrib.auth&#x27;,\n &#x27;django.contrib.contenttypes&#x27;,\n &#x27;django.contrib.sessions&#x27;,\n &#x27;django.contrib.messages&#x27;,\n &#x27;django.contrib.staticfiles&#x27;,\n &#x27;corsheaders&#x27;,\n &#x27;api&#x27;]</pre></td>\n        </tr>\n      \n        <tr>\n          <td>INTERNAL_IPS</td>\n          <td class="code"><pre>[]</pre></td>\n        </tr>\n      \n        <tr>\n          <td>LANGUAGES</td>\n          <td class="code"><pre>[(&#x27;af&#x27;, &#x27;Afrikaans&#x27;),\n (&#x27;ar&#x27;, &#x27;Arabic&#x27;),\n (&#x27;ar-dz&#x27;, &#x27;Algerian Arabic&#x27;),\n (&#x27;ast&#x27;, &#x27;Asturian&#x27;),\n (&#x27;az&#x27;, &#x27;Azerbaijani&#x27;),\n (&#x27;bg&#x27;, &#x27;Bulgarian&#x27;),\n (&#x27;be&#x27;, &#x27;Belarusian&#x27;),\n (&#x27;bn&#x27;, &#x27;Bengali&#x27;),\n (&#x27;br&#x27;, &#x27;Breton&#x27;),\n (&#x27;bs&#x27;, &#x27;Bosnian&#x27;),\n (&#x27;ca&#x27;, &#x27;Catalan&#x27;),\n (&#x27;ckb&#x27;, &#x27;Central Kurdish (Sorani)&#x27;),\n (&#x27;cs&#x27;, &#x27;Czech&#x27;),\n (&#x27;cy&#x27;, &#x27;Welsh&#x27;),\n (&#x27;da&#x27;, &#x27;Danish&#x27;),\n (&#x27;de&#x27;, &#x27;German&#x27;),\n (&#x27;dsb&#x27;, &#x27;Lower Sorbian&#x27;),\n (&#x27;el&#x27;, &#x27;Greek&#x27;),\n (&#x27;en&#x27;, &#x27;English&#x27;),\n (&#x27;en-au&#x27;, &#x27;Australian English&#x27;),\n (&#x27;en-gb&#x27;, &#x27;British English&#x27;),\n (&#x27;eo&#x27;, &#x27;Esperanto&#x27;),\n (&#x27;es&#x27;, &#x27;Spanish&#x27;),\n (&#x27;es-ar&#x27;, &#x27;Argentinian Spanish&#x27;),\n (&#x27;es-co&#x27;, &#x27;Colombian Spanish&#x27;),\n (&#x27;es-mx&#x27;, &#x27;Mexican Spanish&#x27;),\n (&#x27;es-ni&#x27;, &#x27;Nicaraguan Spanish&#x27;),\n (&#x27;es-ve&#x27;, &#x27;Venezuelan Spanish&#x27;),\n (&#x27;et&#x27;, &#x27;Estonian&#x27;),\n (&#x27;eu&#x27;, &#x27;Basque&#x27;),\n (&#x27;fa&#x27;, &#x27;Persian&#x27;),\n (&#x27;fi&#x27;, &#x27;Finnish&#x27;),\n (&#x27;fr&#x27;, &#x27;French&#x27;),\n (&#x27;fy&#x27;, &#x27;Frisian&#x27;),\n (&#x27;ga&#x27;, &#x27;Irish&#x27;),\n (&#x27;gd&#x27;, &#x27;Scottish Gaelic&#x27;),\n (&#x27;gl&#x27;, &#x27;Galician&#x27;),\n (&#x27;he&#x27;, &#x27;Hebrew&#x27;),\n (&#x27;hi&#x27;, &#x27;Hindi&#x27;),\n (&#x27;hr&#x27;, &#x27;Croatian&#x27;),\n (&#x27;hsb&#x27;, &#x27;Upper Sorbian&#x27;),\n (&#x27;hu&#x27;, &#x27;Hungarian&#x27;),\n (&#x27;hy&#x27;, &#x27;Armenian&#x27;),\n (&#x27;ia&#x27;, &#x27;Interlingua&#x27;),\n (&#x27;id&#x27;, &#x27;Indonesian&#x27;),\n (&#x27;ig&#x27;, &#x27;Igbo&#x27;),\n (&#x27;io&#x27;, &#x27;Ido&#x27;),\n (&#x27;is&#x27;, &#x27;Icelandic&#x27;),\n (&#x27;it&#x27;, &#x27;Italian&#x27;),\n (&#x27;ja&#x27;, &#x27;Japanese&#x27;),\n (&#x27;ka&#x27;, &#x27;Georgian&#x27;),\n (&#x27;kab&#x27;, &#x27;Kabyle&#x27;),\n (&#x27;kk&#x27;, &#x27;Kazakh&#x27;),\n (&#x27;km&#x27;, &#x27;Khmer&#x27;),\n (&#x27;kn&#x27;, &#x27;Kannada&#x27;),\n (&#x27;ko&#x27;, &#x27;Korean&#x27;),\n (&#x27;ky&#x27;, &#x27;Kyrgyz&#x27;),\n (&#x27;lb&#x27;, &#x27;Luxembourgish&#x27;),\n (&#x27;lt&#x27;, &#x27;Lithuanian&#x27;),\n (&#x27;lv&#x27;, &#x27;Latvian&#x27;),\n (&#x27;mk&#x27;, &#x27;Macedonian&#x27;),\n (&#x27;ml&#x27;, &#x27;Malayalam&#x27;),\n (&#x27;mn&#x27;, &#x27;Mongolian&#x27;),\n (&#x27;mr&#x27;, &#x27;Marathi&#x27;),\n (&#x27;ms&#x27;, &#x27;Malay&#x27;),\n (&#x27;my&#x27;, &#x27;Burmese&#x27;),\n (&#x27;nb&#x27;, &#x27;Norwegian Bokmål&#x27;),\n (&#x27;ne&#x27;, &#x27;Nepali&#x27;),\n (&#x27;nl&#x27;, &#x27;Dutch&#x27;),\n (&#x27;nn&#x27;, &#x27;Norwegian Nynorsk&#x27;),\n (&#x27;os&#x27;, &#x27;Ossetic&#x27;),\n (&#x27;pa&#x27;, &#x27;Punjabi&#x27;),\n (&#x27;pl&#x27;, &#x27;Polish&#x27;),\n (&#x27;pt&#x27;, &#x27;Portuguese&#x27;),\n (&#x27;pt-br&#x27;, &#x27;Brazilian Portuguese&#x27;),\n (&#x27;ro&#x27;, &#x27;Romanian&#x27;),\n (&#x27;ru&#x27;, &#x27;Russian&#x27;),\n (&#x27;sk&#x27;, &#x27;Slovak&#x27;),\n (&#x27;sl&#x27;, &#x27;Slovenian&#x27;),\n (&#x27;sq&#x27;, &#x27;Albanian&#x27;),\n (&#x27;sr&#x27;, &#x27;Serbian&#x27;),\n (&#x27;sr-latn&#x27;, &#x27;Serbian Latin&#x27;),\n (&#x27;sv&#x27;, &#x27;Swedish&#x27;),\n (&#x27;sw&#x27;, &#x27;Swahili&#x27;),\n (&#x27;ta&#x27;, &#x27;Tamil&#x27;),\n (&#x27;te&#x27;, &#x27;Telugu&#x27;),\n (&#x27;tg&#x27;, &#x27;Tajik&#x27;),\n (&#x27;th&#x27;, &#x27;Thai&#x27;),\n (&#x27;tk&#x27;, &#x27;Turkmen&#x27;),\n (&#x27;tr&#x27;, &#x27;Turkish&#x27;),\n (&#x27;tt&#x27;, &#x27;Tatar&#x27;),\n (&#x27;udm&#x27;, &#x27;Udmurt&#x27;),\n (&#x27;uk&#x27;, &#x27;Ukrainian&#x27;),\n (&#x27;ur&#x27;, &#x27;Urdu&#x27;),\n (&#x27;uz&#x27;, &#x27;Uzbek&#x27;),\n (&#x27;vi&#x27;, &#x27;Vietnamese&#x27;),\n (&#x27;zh-hans&#x27;, &#x27;Simplified Chinese&#x27;),\n (&#x27;zh-hant&#x27;, &#x27;Traditional Chinese&#x27;)]</pre></td>\n        </tr>\n      \n        <tr>\n          <td>LANGUAGES_BIDI</td>\n          <td class="code"><pre>[&#x27;he&#x27;, &#x27;ar&#x27;, &#x27;ar-dz&#x27;, &#x27;ckb&#x27;, &#x27;fa&#x27;, &#x27;ur&#x27;]</pre></td>\n        </tr>\n      \n        <tr>\n          <td>LANGUAGE_CODE</td>\n          <td class="code"><pre>&#x27;en-us&#x27;</pre></td>\n        </tr>\n      \n        <tr>\n          <td>LANGUAGE_COOKIE_AGE</td>\n          <td class="code"><pre>None</pre></td>\n        </tr>\n      \n        <tr>\n          <td>LANGUAGE_COOKIE_DOMAIN</td>\n          <td class="code"><pre>None</pre></td>\n        </tr>\n      \n        <tr>\n          <td>LANGUAGE_COOKIE_HTTPONLY</td>\n          <td class="code"><pre>False</pre></td>\n        </tr>\n      \n        <tr>\n          <td>LANGUAGE_COOKIE_NAME</td>\n          <td class="code"><pre>&#x27;django_language&#x27;</pre></td>\n        </tr>\n      \n        <tr>\n          <td>LANGUAGE_COOKIE_PATH</td>\n          <td class="code"><pre>&#x27;/&#x27;</pre></td>\n        </tr>\n      \n        <tr>\n          <td>LANGUAGE_COOKIE_SAMESITE</td>\n          <td class="code"><pre>None</pre></td>\n        </tr>\n      \n        <tr>\n          <td>LANGUAGE_COOKIE_SECURE</td>\n          <td class="code"><pre>False</pre></td>\n        </tr>\n      \n        <tr>\n          <td>LOCALE_PATHS</td>\n          <td class="code"><pre>[]</pre></td>\n        </tr>\n      \n        <tr>\n          <td>LOGGING</td>\n          <td class="code"><pre>{&#x27;disable_existing_loggers&#x27;: False,\n &#x27;handlers&#x27;: {&#x27;file&#x27;: {&#x27;class&#x27;: &#x27;logging.FileHandler&#x27;,\n                       &#x27;filename&#x27;: &#x27;error_logs.log&#x27;,\n                       &#x27;level&#x27;: &#x27;ERROR&#x27;}},\n &#x27;loggers&#x27;: {&#x27;django&#x27;: {&#x27;handlers&#x27;: [&#x27;file&#x27;],\n                        &#x27;level&#x27;: &#x27;ERROR&#x27;,\n                        &#x27;propagate&#x27;: True}},\n &#x27;version&#x27;: 1}</pre></td>\n        </tr>\n      \n        <tr>\n          <td>LOGGING_CONFIG</td>\n          <td class="code"><pre>&#x27;logging.config.dictConfig&#x27;</pre></td>\n        </tr>\n      \n        <tr>\n          <td>LOGIN_REDIRECT_URL</td>\n          <td class="code"><pre>&#x27;/accounts/profile/&#x27;</pre></td>\n        </tr>\n      \n        <tr>\n          <td>LOGIN_URL</td>\n          <td class="code"><pre>&#x27;/accounts/login/&#x27;</pre></td>\n        </tr>\n      \n        <tr>\n          <td>LOGOUT_REDIRECT_URL</td>\n          <td class="code"><pre>None</pre></td>\n        </tr>\n      \n        <tr>\n          <td>MANAGERS</td>\n          <td class="code"><pre>[]</pre></td>\n        </tr>\n      \n        <tr>\n          <td>MEDIA_ROOT</td>\n          <td class="code"><pre>&#x27;C:\\\\NIC AI Training\\\\core-api-for-react\\\\media&#x27;</pre></td>\n        </tr>\n      \n        <tr>\n          <td>MEDIA_URL</td>\n          <td class="code"><pre>&#x27;/media/&#x27;</pre></td>\n        </tr>\n      \n        <tr>\n          <td>MESSAGE_STORAGE</td>\n          <td class="code"><pre>&#x27;django.contrib.messages.storage.fallback.FallbackStorage&#x27;</pre></td>\n        </tr>\n      \n        <tr>\n          <td>MIDDLEWARE</td>\n          <td class="code"><pre>[&#x27;django.middleware.security.SecurityMiddleware&#x27;,\n &#x27;django.contrib.sessions.middleware.SessionMiddleware&#x27;,\n &#x27;django.middleware.common.CommonMiddleware&#x27;,\n &#x27;django.middleware.csrf.CsrfViewMiddleware&#x27;,\n &#x27;django.contrib.auth.middleware.AuthenticationMiddleware&#x27;,\n &#x27;django.contrib.messages.middleware.MessageMiddleware&#x27;,\n &#x27;corsheaders.middleware.CorsMiddleware&#x27;,\n &#x27;django.middleware.clickjacking.XFrameOptionsMiddleware&#x27;,\n &#x27;api.middleware.BearerTokenMiddleware&#x27;,\n &#x27;api.middleware.ErrorLoggingMiddleware&#x27;]</pre></td>\n        </tr>\n      \n        <tr>\n          <td>MIGRATION_MODULES</td>\n          <td class="code"><pre>{}</pre></td>\n        </tr>\n      \n        <tr>\n          <td>MONTH_DAY_FORMAT</td>\n          <td class="code"><pre>&#x27;F j&#x27;</pre></td>\n        </tr>\n      \n        <tr>\n          <td>NUMBER_GROUPING</td>\n          <td class="code"><pre>0</pre></td>\n        </tr>\n      \n        <tr>\n          <td>PASSWORD_HASHERS</td>\n          <td class="code"><pre>&#x27;********************&#x27;</pre></td>\n        </tr>\n      \n        <tr>\n          <td>PASSWORD_RESET_TIMEOUT</td>\n          <td class="code"><pre>&#x27;********************&#x27;</pre></td>\n        </tr>\n      \n        <tr>\n          <td>PREPEND_WWW</td>\n          <td class="code"><pre>False</pre></td>\n        </tr>\n      \n        <tr>\n          <td>ROOT_URLCONF</td>\n          <td class="code"><pre>&#x27;reactapi.urls&#x27;</pre></td>\n        </tr>\n      \n        <tr>\n          <td>SECRET_KEY</td>\n          <td class="code"><pre>&#x27;********************&#x27;</pre></td>\n        </tr>\n      \n        <tr>\n          <td>SECRET_KEY_FALLBACKS</td>\n          <td class="code"><pre>&#x27;********************&#x27;</pre></td>\n        </tr>\n      \n        <tr>\n          <td>SECURE_CONTENT_TYPE_NOSNIFF</td>\n          <td class="code"><pre>True</pre></td>\n        </tr>\n      \n        <tr>\n          <td>SECURE_CROSS_ORIGIN_OPENER_POLICY</td>\n          <td class="code"><pre>&#x27;same-origin&#x27;</pre></td>\n        </tr>\n      \n        <tr>\n          <td>SECURE_HSTS_INCLUDE_SUBDOMAINS</td>\n          <td class="code"><pre>False</pre></td>\n        </tr>\n      \n        <tr>\n          <td>SECURE_HSTS_PRELOAD</td>\n          <td class="code"><pre>False</pre></td>\n        </tr>\n      \n        <tr>\n          <td>SECURE_HSTS_SECONDS</td>\n          <td class="code"><pre>0</pre></td>\n        </tr>\n      \n        <tr>\n          <td>SECURE_PROXY_SSL_HEADER</td>\n          <td class="code"><pre>None</pre></td>\n        </tr>\n      \n        <tr>\n          <td>SECURE_REDIRECT_EXEMPT</td>\n          <td class="code"><pre>[]</pre></td>\n        </tr>\n      \n        <tr>\n          <td>SECURE_REFERRER_POLICY</td>\n          <td class="code"><pre>&#x27;same-origin&#x27;</pre></td>\n        </tr>\n      \n        <tr>\n          <td>SECURE_SSL_HOST</td>\n          <td class="code"><pre>None</pre></td>\n        </tr>\n      \n        <tr>\n          <td>SECURE_SSL_REDIRECT</td>\n          <td class="code"><pre>False</pre></td>\n        </tr>\n      \n        <tr>\n          <td>SERVER_EMAIL</td>\n          <td class="code"><pre>&#x27;root@localhost&#x27;</pre></td>\n        </tr>\n      \n        <tr>\n          <td>SESSION_CACHE_ALIAS</td>\n          <td class="code"><pre>&#x27;default&#x27;</pre></td>\n        </tr>\n      \n        <tr>\n          <td>SESSION_COOKIE_AGE</td>\n          <td class="code"><pre>1209600</pre></td>\n        </tr>\n      \n        <tr>\n          <td>SESSION_COOKIE_DOMAIN</td>\n          <td class="code"><pre>None</pre></td>\n        </tr>\n      \n        <tr>\n          <td>SESSION_COOKIE_HTTPONLY</td>\n          <td class="code"><pre>True</pre></td>\n        </tr>\n      \n        <tr>\n          <td>SESSION_COOKIE_NAME</td>\n          <td class="code"><pre>&#x27;sessionid&#x27;</pre></td>\n        </tr>\n      \n        <tr>\n          <td>SESSION_COOKIE_PATH</td>\n          <td class="code"><pre>&#x27;/&#x27;</pre></td>\n        </tr>\n      \n        <tr>\n          <td>SESSION_COOKIE_SAMESITE</td>\n          <td class="code"><pre>&#x27;Lax&#x27;</pre></td>\n        </tr>\n      \n        <tr>\n          <td>SESSION_COOKIE_SECURE</td>\n          <td class="code"><pre>False</pre></td>\n        </tr>\n      \n        <tr>\n          <td>SESSION_ENGINE</td>\n          <td class="code"><pre>&#x27;django.contrib.sessions.backends.db&#x27;</pre></td>\n        </tr>\n      \n        <tr>\n          <td>SESSION_EXPIRE_AT_BROWSER_CLOSE</td>\n          <td class="code"><pre>False</pre></td>\n        </tr>\n      \n        <tr>\n          <td>SESSION_FILE_PATH</td>\n          <td class="code"><pre>None</pre></td>\n        </tr>\n      \n        <tr>\n          <td>SESSION_SAVE_EVERY_REQUEST</td>\n          <td class="code"><pre>False</pre></td>\n        </tr>\n      \n        <tr>\n          <td>SESSION_SERIALIZER</td>\n          <td class="code"><pre>&#x27;django.contrib.sessions.serializers.JSONSerializer&#x27;</pre></td>\n        </tr>\n      \n        <tr>\n          <td>SETTINGS_MODULE</td>\n          <td class="code"><pre>&#x27;reactapi.settings&#x27;</pre></td>\n        </tr>\n      \n        <tr>\n          <td>SHORT_DATETIME_FORMAT</td>\n          <td class="code"><pre>&#x27;m/d/Y P&#x27;</pre></td>\n        </tr>\n      \n        <tr>\n          <td>SHORT_DATE_FORMAT</td>\n          <td class="code"><pre>&#x27;m/d/Y&#x27;</pre></td>\n        </tr>\n      \n        <tr>\n          <td>SIGNING_BACKEND</td>\n          <td class="code"><pre>&#x27;django.core.signing.TimestampSigner&#x27;</pre></td>\n        </tr>\n      \n        <tr>\n          <td>SILENCED_SYSTEM_CHECKS</td>\n          <td class="code"><pre>[]</pre></td>\n        </tr>\n      \n        <tr>\n          <td>STATICFILES_DIRS</td>\n          <td class="code"><pre>[]</pre></td>\n        </tr>\n      \n        <tr>\n          <td>STATICFILES_FINDERS</td>\n          <td class="code"><pre>[&#x27;django.contrib.staticfiles.finders.FileSystemFinder&#x27;,\n &#x27;django.contrib.staticfiles.finders.AppDirectoriesFinder&#x27;]</pre></td>\n        </tr>\n      \n        <tr>\n          <td>STATICFILES_STORAGE</td>\n          <td class="code"><pre>&#x27;django.contrib.staticfiles.storage.StaticFilesStorage&#x27;</pre></td>\n        </tr>\n      \n        <tr>\n          <td>STATIC_ROOT</td>\n          <td class="code"><pre>None</pre></td>\n        </tr>\n      \n        <tr>\n          <td>STATIC_URL</td>\n          <td class="code"><pre>&#x27;/static/&#x27;</pre></td>\n        </tr>\n      \n        <tr>\n          <td>STORAGES</td>\n          <td class="code"><pre>{&#x27;default&#x27;: {&#x27;BACKEND&#x27;: &#x27;django.core.files.storage.FileSystemStorage&#x27;},\n &#x27;staticfiles&#x27;: {&#x27;BACKEND&#x27;: &#x27;django.contrib.staticfiles.storage.StaticFilesStorage&#x27;}}</pre></td>\n        </tr>\n      \n        <tr>\n          <td>TEMPLATES</td>\n          <td class="code"><pre>[{&#x27;APP_DIRS&#x27;: True,\n  &#x27;BACKEND&#x27;: &#x27;django.template.backends.django.DjangoTemplates&#x27;,\n  &#x27;DIRS&#x27;: [],\n  &#x27;OPTIONS&#x27;: {&#x27;context_processors&#x27;: [&#x27;django.template.context_processors.debug&#x27;,\n                                     &#x27;django.template.context_processors.request&#x27;,\n                                     &#x27;django.contrib.auth.context_processors.auth&#x27;,\n                                     &#x27;django.contrib.messages.context_processors.messages&#x27;]}}]</pre></td>\n        </tr>\n      \n        <tr>\n          <td>TEST_NON_SERIALIZED_APPS</td>\n          <td class="code"><pre>[]</pre></td>\n        </tr>\n      \n        <tr>\n          <td>TEST_RUNNER</td>\n          <td class="code"><pre>&#x27;django.test.runner.DiscoverRunner&#x27;</pre></td>\n        </tr>\n      \n        <tr>\n          <td>THOUSAND_SEPARATOR</td>\n          <td class="code"><pre>&#x27;,&#x27;</pre></td>\n        </tr>\n      \n        <tr>\n          <td>TIME_FORMAT</td>\n          <td class="code"><pre>&#x27;P&#x27;</pre></td>\n        </tr>\n      \n        <tr>\n          <td>TIME_INPUT_FORMATS</td>\n          <td class="code"><pre>[&#x27;%H:%M:%S&#x27;, &#x27;%H:%M:%S.%f&#x27;, &#x27;%H:%M&#x27;]</pre></td>\n        </tr>\n      \n        <tr>\n          <td>TIME_ZONE</td>\n          <td class="code"><pre>&#x27;UTC&#x27;</pre></td>\n        </tr>\n      \n        <tr>\n          <td>USE_DEPRECATED_PYTZ</td>\n          <td class="code"><pre>False</pre></td>\n        </tr>\n      \n        <tr>\n          <td>USE_I18N</td>\n          <td class="code"><pre>True</pre></td>\n        </tr>\n      \n        <tr>\n          <td>USE_L10N</td>\n          <td class="code"><pre>True</pre></td>\n        </tr>\n      \n        <tr>\n          <td>USE_THOUSAND_SEPARATOR</td>\n          <td class="code"><pre>False</pre></td>\n        </tr>\n      \n        <tr>\n          <td>USE_TZ</td>\n          <td class="code"><pre>True</pre></td>\n        </tr>\n      \n        <tr>\n          <td>USE_X_FORWARDED_HOST</td>\n          <td class="code"><pre>False</pre></td>\n        </tr>\n      \n        <tr>\n          <td>USE_X_FORWARDED_PORT</td>\n          <td class="code"><pre>False</pre></td>\n        </tr>\n      \n        <tr>\n          <td>WSGI_APPLICATION</td>\n          <td class="code"><pre>&#x27;reactapi.wsgi.application&#x27;</pre></td>\n        </tr>\n      \n        <tr>\n          <td>X_FRAME_OPTIONS</td>\n          <td class="code"><pre>&#x27;DENY&#x27;</pre></td>\n        </tr>\n      \n        <tr>\n          <td>YEAR_MONTH_FORMAT</td>\n          <td class="code"><pre>&#x27;F Y&#x27;</pre></td>\n        </tr>\n      \n    </tbody>\n  </table>\n\n</div>\n\n  <div id="explanation">\n    <p>\n      You’re seeing this error because you have <code>DEBUG = True</code> in your\n      Django settings file. Change that to <code>False</code>, and Django will\n      display a standard page generated by the handler for this status code.\n    </p>\n  </div>\n\n</body>\n</html>\n'}
"POST /api/ocr/ HTTP/1.1" 500 106134
2024-08-23 14:46:03,684 ERROR "POST /api/ocr/ HTTP/1.1" 500 106134
